shopid,username,response_rate,registration_time,main_category,cmt_cnt,cmt_img_cnt,rating_cnt,rating_5,avg_rating,Jan_ADGMV,order_cnt_2020
133944022,mmolive.my,87,33:00.0,Health & Beauty,111,14,108,105,4.891891892,16.82,3.2
132945521,yxsky.my,,38:44.0,Health & Beauty,,,,,,,
134730748,zhongdagongmao.my,,40:02.0,Baby & Toys,,,,,,,
151870366,pinkcoco2011_taiwan.my,,49:58.0,Health & Beauty,,,,,,,
134784417,sweetbl.my,98,54:23.0,Health & Beauty,19,9,16,17,4.684210526,67.08666667,14.33333333
146068966,beautycare1905.my,96,09:52.0,Health & Beauty,97,16,92,92,4.87628866,19.35666667,13.93333333
136576098,yuetengweb.my,,30:57.0,Baby & Toys,,,,,,,
141811250,wanyuehu.my,,34:09.0,Baby & Toys,11,3,11,11,5,,
141387654,baichun.my,96,54:45.0,Baby & Toys,21,3,21,17,4.80952381,75.91066667,7.066666667
142384681,slion19.my,100,02:19.0,Baby & Toys,,,,,,5.945333333,0.4
149839267,annapetshop.my,,31:11.0,Groceries & Pets,,,,,,,
131596606,feishuo.my,92,56:14.0,Health & Beauty,27,4,27,24,4.888888889,21.318,1.533333333
133104972,yilicafe0.my,,03:17.0,Baby & Toys,1,0,0,0,2,,
132120236,runsoon.my,100,46:42.0,Baby & Toys,17,3,17,16,4.941176471,3.616666667,0.133333333
150347681,wanshuitongstore.my,,41:22.0,Health & Beauty,10,0,10,10,5,,
134318090,chachae2019.my,,01:08.0,Health & Beauty,,,,,,,
145809555,cozierlife.my,,13:19.0,Health & Beauty,4,0,3,3,4.25,,
133526291,huayin.my,97,23:30.0,Health & Beauty,31,13,30,28,4.870967742,279.2653333,7.666666667
137253124,nicemoodparts.my,100,54:18.0,Baby & Toys,1,0,-1,0,1,,
139667358,felix0820.my,,11:08.0,Health & Beauty,,,,,,,
148821296,aibolai981.my,97,46:50.0,Health & Beauty,,,,,,265.588,59.86666667
140213153,chen6689.my,100,04:12.0,Health & Beauty,1,0,1,1,5,65.45733333,1.466666667
141967687,gzeven.my,25,39:35.0,Health & Beauty,4,0,4,3,4.75,34.56,1.2
133234904,samli029.my,,59:19.0,Baby & Toys,,,,,,2.777333333,0.066666667
134192117,ojuxsza.my,100,16:01.0,Groceries & Pets,,,,,,,
132715029,ahagt04.my,,20:53.0,Baby & Toys,,,,,,2.533333333,0.066666667
135459384,lianqi.my,90,36:30.0,Baby & Toys,,,,,,,
141116849,jcfultz.my,100,02:31.0,Baby & Toys,8,3,8,7,4.875,,
151590331,malldj_taiwan.my,100,15:12.0,Baby & Toys,5,0,5,4,4.8,,
133338124,tebaf01.my,,13:51.0,Health & Beauty,,,,,,1.44,0.066666667
142332155,ptscx.my,95,29:24.0,Baby & Toys,13,3,12,12,4.846153846,3.893333333,0.133333333
145441898,cocoa2020.my,65,56:53.0,Health & Beauty,28,12,25,25,4.75,,
140322893,zhoujumm.my,,05:15.0,Baby & Toys,,,,,,,
140517225,softly889.my,,55:27.0,Health & Beauty,,,,,,,
130081229,xiaokunk.my,83,21:06.0,Baby & Toys,,,,,,73.47933333,3
139572674,haodental.my,,23:30.0,Health & Beauty,,,,,,,
131992052,fangjinjiang.my,95,13:32.0,Health & Beauty,19,4,14,16,4.421052632,558.13,32.4
149140510,yicofun.my,,43:51.0,Baby & Toys,,,,,,,
139817719,icebeauty168.my,96,04:05.0,Health & Beauty,150,41,148,145,4.953333333,169.288,8.533333333
136071420,ydx64546.my,,27:42.0,Baby & Toys,,,,,,,
134078887,queenbebe.my,83,03:16.0,Baby & Toys,,,,,,8.733333333,0.066666667
146606136,changego4965.my,90,44:24.0,Health & Beauty,,,,,,8,0.066666667
139261146,moira.my,100,34:25.0,Baby & Toys,6,2,6,5,4.833333333,18.63066667,1.333333333
145429576,cgnice0.my,,05:24.0,Baby & Toys,2,1,2,2,5,,
139794420,teerova.my,,54:23.0,Health & Beauty,,,,,,,
139455923,hyz.my,99,37:04.0,Health & Beauty,19,2,19,19,5,66.702,9.933333333
136003534,riannesis.my,100,25:38.0,Baby & Toys,365,67,338,324,4.789041096,294.806,23.4
146349689,rampampamkids.my,0,05:39.0,Baby & Toys,1,0,1,1,5,1.812666667,0.066666667
143218526,fumingtang.my,,09:31.0,Health & Beauty,,,,,,,
133117728,cosrx.os,94,01:58.0,Health & Beauty,123,26,118,115,4.87804878,1092.358667,17.86666667
147105274,15011038404.my,99,19:16.0,Baby & Toys,71,10,60,57,4.591549296,101.87,3.333333333
148799085,statlas1.my,100,53:03.0,Baby & Toys,7,2,7,6,4.857142857,8.596666667,0.333333333
149997276,leeo.my,0,00:08.0,Groceries & Pets,11,3,9,10,4.636363636,2.132,0.133333333
147419516,lijinglj123.my,,09:47.0,Baby & Toys,,,,,,,
133256231,ccherb_taiwan.my,100,26:01.0,Groceries & Pets,1,0,1,1,5,,
137368039,tendease.my,62,40:10.0,Baby & Toys,10,5,10,10,5,15.92,0.8
143594084,hibts.my,93,38:26.0,Baby & Toys,17,4,17,17,5,112.01,13.66666667
133258017,tabb.tw_taiwan.my,,35:26.0,Baby & Toys,1,0,1,1,5,,
146977678,sammiebaby.my,0,12:53.0,Baby & Toys,20,2,20,19,4.95,,
135842488,tanjiz.my,87,00:59.0,Baby & Toys,2,0,2,2,5,41.32,0.8
137799372,mailaidpdp.my,100,20:26.0,Baby & Toys,,,,,,30.01733333,0.333333333
131666763,libite.my,99,19:13.0,Baby & Toys,8,1,5,6,4.25,2.133333333,0.066666667
133242306,garap01.my,,00:20.0,Baby & Toys,,,,,,,
147014179,dreamlover1991.my,97,54:04.0,Health & Beauty,,,,,,33.768,3.4
152157856,tingyizs.my,97,02:07.0,Baby & Toys,2,0,2,2,5,,
148821068,crus.sip.my,100,45:47.0,Groceries & Pets,,,,,,7.634,0.066666667
145249042,cherryha1.my,,26:22.0,Baby & Toys,79,18,74,69,4.810126582,5.52,0.533333333
133764257,cxmcxmximei.my,0,26:01.0,Health & Beauty,2,1,2,2,5,,
151581142,happylifer.my,,38:57.0,Baby & Toys,,,,,,,
136590603,huazhichun.my,93,47:25.0,Health & Beauty,83,27,83,79,4.951807229,237.496,15.53333333
135626519,surfscent.my,0,18:58.0,Baby & Toys,,,,,,9.924666667,0.066666667
140110746,hubeishanzhi.my,,45:55.0,Baby & Toys,,,,,,,
145964220,emily2019510.my,,52:50.0,Health & Beauty,10,8,10,8,4.8,,
136008332,lovelyoyo.my,100,53:18.0,Baby & Toys,12,5,12,12,5,,
134282849,ansonda.my,,20:44.0,Baby & Toys,,,,,,,
133258892,koreatop_taiwan.my,,39:40.0,Health & Beauty,,,,,,,
149134573,wuxifuluning.my,100,17:19.0,Baby & Toys,22,5,19,19,4.681818182,,
141780189,cjchnws.my,0,03:30.0,Baby & Toys,4,0,4,4,5,,
134784907,skincarem1.my,16,56:26.0,Health & Beauty,,,,,,6.614,1
145813032,vincent_112233.my,96,28:03.0,Baby & Toys,4,2,4,4,5,,
137468683,yqukih.my,98,33:15.0,Health & Beauty,3,0,1,1,3.666666667,50.47933333,10.86666667
147906465,zhengfenguo.my,88,57:09.0,Health & Beauty,21,7,18,19,4.714285714,114.8513333,2.066666667
151593242,kirayagg.my,94,26:28.0,Baby & Toys,9,3,9,9,5,24.36,1.266666667
147111234,lixians810.my,100,53:27.0,Health & Beauty,7,2,5,4,4.142857143,10,0.2
140518319,94shop.com.tw_taiwan.my,,01:24.0,Health & Beauty,,,,,,,
134931443,deyoucube.my,4,54:26.0,Baby & Toys,26,2,25,24,4.884615385,55.46466667,4
145257763,sibylly.my,,00:44.0,Health & Beauty,5,0,5,5,5,,
147906377,x15j.sip.my,100,56:43.0,Baby & Toys,,,,,,1.861333333,0.066666667
134573516,xiami03.my,100,18:53.0,Baby & Toys,15,3,15,14,4.933333333,143.8786667,3.4
150511379,llinmuyu0.my,100,31:25.0,Baby & Toys,1,0,1,1,5,4.501333333,0.333333333
139171991,686868ml.my,100,33:11.0,Baby & Toys,4,0,3,3,4.5,11.67,0.4
145600257,juranzhijia.my,96,36:42.0,Baby & Toys,3,0,3,3,5,196.246,6.533333333
143220744,niveken.my,,16:00.0,Health & Beauty,,,,,,,
137489126,peibormi.my,,19:54.0,Baby & Toys,1,0,1,1,5,,
133533696,william2409_taiwan.my,,02:45.0,Groceries & Pets,1,0,1,1,5,,
131407854,mum.my,77,51:42.0,Baby & Toys,7,2,6,6,4.714285714,15.84666667,0.8
133291154,lohay04.my,,27:06.0,Baby & Toys,1,0,1,0,4,,
141592702,horizons.my,100,58:44.0,Health & Beauty,76,13,72,69,4.842105263,10.03133333,1.866666667
142399745,shangxiangmaoyi.my,,14:20.0,Baby & Toys,5,3,4,4,4.6,,
147389649,zsun.my,0,09:57.0,Baby & Toys,3,0,3,3,5,,
133252237,redtera_taiwan.my,100,03:17.0,Health & Beauty,5,1,5,5,5,,
143285511,lucky5188.my,95,26:32.0,Baby & Toys,15,4,14,14,4.866666667,12.83666667,0.8
139027947,dsl888.my,99,54:03.0,Baby & Toys,24,6,22,21,4.75,29.87933333,1.133333333
148808127,ggqt.sip.my,,46:07.0,Baby & Toys,1,1,1,1,5,,
140106774,jetcloud_taiwan.my,100,20:20.0,Baby & Toys,1,1,1,1,5,,
140545625,sweetynail.my,,32:02.0,Health & Beauty,10,1,10,10,5,,
145222601,fbwzi.my,7,46:56.0,Baby & Toys,2,1,2,2,5,,
151409278,zhenduo001.my,87,33:12.0,Health & Beauty,,,,,,8.9,0.333333333
149145799,topmymall.my,,06:45.0,Baby & Toys,4,1,4,4,5,7.132666667,0.2
148234959,judyhome101.my,18,26:52.0,Baby & Toys,6,2,6,5,4.833333333,209,7.066666667
132668829,laikou.my,98,52:56.0,Health & Beauty,86,12,86,76,4.88372093,57.57066667,7.4
145182457,factoryofshoes.my,98,18:45.0,Health & Beauty,7,2,7,7,5,128.364,2.533333333
140885933,imadbiu.my,,47:54.0,Groceries & Pets,,,,,,,
137466912,flashclick.my,100,21:36.0,Baby & Toys,46,8,44,40,4.826086957,37.12,0.8
151234611,szkf05.my,100,14:27.0,Baby & Toys,4,0,3,2,4.25,16.41733333,0.4
143896683,ponytiki.my,74,06:29.0,Baby & Toys,,,,,,22.42533333,0.8
132193108,candycandystar.my,,41:23.0,Health & Beauty,,,,,,,
142507642,wesinelectric.my,100,41:22.0,Baby & Toys,5,2,3,4,4.2,4.066666667,0.066666667
134809017,marayadiss.my,100,46:36.0,Health & Beauty,,,,,,0.850666667,0.133333333
143139273,zhangkeming.my,89,20:55.0,Baby & Toys,,,,,,100.9233333,17.46666667
142329836,maifeng168.my,,13:08.0,Health & Beauty,,,,,,,
132418063,fing07.my,0,41:02.0,Baby & Toys,,,,,,1.216,0.2
152135410,lzwnljy.my,,17:38.0,Baby & Toys,,,,,,,
132640729,musicflower.my,,55:02.0,Health & Beauty,,,,,,,
148809431,hzzh.sip.my,,52:36.0,Baby & Toys,,,,,,,
130313532,scm566.my,,22:22.0,Baby & Toys,,,,,,,
147185000,papiq.my,98,55:35.0,Baby & Toys,11,2,11,11,5,416.2866667,12.66666667
152154884,fuhuaa.my,89,47:04.0,Health & Beauty,,,,,,68.85933333,1.133333333
137610453,andybear.my,100,54:13.0,Baby & Toys,50,6,50,49,4.98,226.4166667,5.2
134809658,notimexplain.my,95,49:28.0,Baby & Toys,25,4,22,21,4.64,85.772,4.2
132802494,caihoney.my,,42:23.0,Baby & Toys,15,0,14,11,4.6,5.447333333,0.133333333
150652595,moderbaby.my,100,46:11.0,Baby & Toys,115,23,109,102,4.826086957,,
134997369,roselovers.my,,55:04.0,Baby & Toys,,,,,,43.59733333,0.466666667
150547004,502244122.my,,18:56.0,Baby & Toys,5,2,3,4,4.2,,
131211166,zeku2.my,96,05:01.0,Health & Beauty,616,114,594,571,4.878246753,71.316,10.33333333
142389886,babysstore.my,100,27:07.0,Baby & Toys,19,10,18,18,4.894736842,16.69666667,0.466666667
149138953,sharondss.my,100,37:01.0,Health & Beauty,4,1,4,3,4.75,27.2,0.133333333
135413751,yaojiaolian1.my,97,43:00.0,Health & Beauty,2,1,2,2,5,170.19,8.733333333
147388174,pea_princess.my,100,03:30.0,Baby & Toys,22,6,22,21,4.954545455,2.909333333,0.133333333
140999418,billdage.my,,19:59.0,Health & Beauty,2,0,2,2,5,,
134191831,xhbbxzlsl.my,83,14:39.0,Baby & Toys,,,,,,,
140852508,shysmallsun.my,94,46:30.0,Health & Beauty,1,0,1,1,5,50.43333333,4.266666667
134798720,progresssports.my,99,58:52.0,Baby & Toys,430,93,416,405,4.897674419,2028.043333,225.0666667
141021080,dsadfds88.my,,11:30.0,Baby & Toys,,,,,,,
140102784,duyaohui.my,,52:44.0,Baby & Toys,,,,,,,
130096479,chicstyle.my,95,46:15.0,Health & Beauty,43,14,39,38,4.790697674,66.24266667,7.6
136015457,gruibaby.my,100,29:25.0,Baby & Toys,16,3,15,15,4.875,9.327333333,0.4
131848147,ly126.my,99,20:47.0,Health & Beauty,61,16,54,55,4.737704918,56.21333333,1.4
140618736,simhoa1.my,95,01:51.0,Baby & Toys,34,6,33,30,4.852941176,750.366,22.93333333
131872956,musesworld.my,99,34:21.0,Baby & Toys,104,16,101,99,4.913461538,306.9166667,21.13333333
131345389,xuyi_beauty.my,98,57:33.0,Health & Beauty,628,114,570,558,4.75,420.8446667,118.8
134920905,summercoco666.my,,33:50.0,Health & Beauty,,,,,,,
142332378,zokomart.my,100,30:51.0,Health & Beauty,11,4,9,8,4.545454545,11.45066667,0.333333333
151983001,colmo2.my,36,39:58.0,Baby & Toys,12,3,9,10,4.5,0.966,0.266666667
144485068,ngbdhg.my,,21:10.0,Health & Beauty,,,,,,,
139738513,meliyichunbaby.my,38,05:41.0,Baby & Toys,17,4,17,17,5,5.967333333,0.2
136708944,qiansheng8.my,100,58:23.0,Baby & Toys,4,0,4,3,4.75,1.156666667,0.066666667
132417770,fing06.my,,39:43.0,Baby & Toys,,,,,,,
137524940,luzhiyuan556.my,,08:29.0,Groceries & Pets,,,,,,,
143603872,xljzhj.my,0,29:21.0,Health & Beauty,405,73,397,383,4.920987654,10.48933333,1.4
145424624,ndkj.my,,41:12.0,Health & Beauty,1,0,1,1,5,,
133519491,oddenio_taiwan.my,,48:48.0,Health & Beauty,,,,,,,
139777278,motherkidzxs.my,99,17:04.0,Baby & Toys,346,68,337,323,4.893063584,348.972,30.46666667
131957850,pitayaloveme.my,94,27:49.0,Health & Beauty,41,13,39,38,4.853658537,49.778,3.866666667
150116340,zcwl.my,100,56:48.0,Health & Beauty,3,2,1,2,3.666666667,,
136093184,beautenation.my,,57:41.0,Health & Beauty,,,,,,,
131899802,chamie2019.my,100,29:18.0,Baby & Toys,7,1,6,6,4.571428571,154.1306667,4.2
152151140,zhuoshu.my,,25:49.0,Baby & Toys,,,,,,,
134725996,yamtaihuijin.my,,13:13.0,Baby & Toys,,,,,,,
136478873,inspiringdeal.my,,32:22.0,Baby & Toys,,,,,,,
139168541,sssuperml.my,100,03:25.0,Health & Beauty,1,1,1,1,5,,
132040420,onlyyoubaby365.my,,46:29.0,Baby & Toys,,,,,,,
134809728,cheasygirl.my,91,49:46.0,Health & Beauty,25,4,23,21,4.72,42.842,3.733333333
145046802,jjiyupeng.my,,53:55.0,Health & Beauty,,,,,,,
137973565,wyztoy.my,83,08:22.0,Baby & Toys,1,0,1,1,5,,
135050211,topxiantai.my,,28:00.0,Baby & Toys,1,0,1,1,5,,
133107381,salmoph0.my,94,14:27.0,Baby & Toys,18,1,16,14,4.611111111,58.49133333,2.733333333
133688716,qddgnoah.my,100,09:51.0,Health & Beauty,8,3,8,8,5,3.852,0.266666667
143558815,eau5.my,97,45:37.0,Baby & Toys,30,4,30,29,4.966666667,12.096,2.733333333
147642036,olisabeauty.my,,35:33.0,Health & Beauty,,,,,,,
131836967,armiciya.my,,34:16.0,Baby & Toys,5,0,5,5,5,,
133294499,babylove2019.my,69,42:41.0,Baby & Toys,3,1,3,3,5,201.046,19.8
152234985,bjiastore.my,98,37:02.0,Health & Beauty,6,2,6,6,5,187.4126667,40.26666667
146985725,kjm1981.my,,35:58.0,Baby & Toys,,,,,,,
136784140,gosucre.my,61,58:52.0,Baby & Toys,25,7,24,22,4.8,325.0726667,8.4
140547874,xinyuanqi.my,100,42:30.0,Health & Beauty,6,0,6,6,5,16.346,0.133333333
131903824,fish1989520.my,99,45:19.0,Baby & Toys,1,0,1,1,5,107.5246667,1.4
133450916,deiryle.my,,56:41.0,Groceries & Pets,,,,,,,
134569621,mufengtrading.my,100,01:06.0,Baby & Toys,18,5,18,16,4.888888889,26.32133333,0.866666667
130916606,shancha.my,99,14:37.0,Health & Beauty,73,11,69,66,4.835616438,134.034,7.8
139562079,sztoys.my,93,16:39.0,Baby & Toys,50,4,49,47,4.92,43.3,13.13333333
142132001,makeup_lml.my,5,04:40.0,Health & Beauty,207,33,202,192,4.884057971,13.55,0.733333333
134296788,zcskincare.my,98,08:40.0,Health & Beauty,3,1,3,3,5,15.43133333,2
131639470,supersupershope.my,10,28:11.0,Health & Beauty,32,4,32,32,5,38.53733333,3.466666667
149865987,aohte.my,,16:14.0,Baby & Toys,2,0,2,2,5,,
136101883,lzhoo889.my,100,34:48.0,Health & Beauty,29,3,28,27,4.896551724,19.244,3.066666667
135044332,ohmygods.my,95,53:29.0,Baby & Toys,7,0,5,6,4.428571429,54.61733333,3.2
137498524,vivikynana.my,4,05:26.0,Health & Beauty,19,4,18,17,4.789473684,16.14333333,1.733333333
131423059,ghu.my,,52:40.0,Health & Beauty,,,,,,,
134504815,rickyzc.my,98,24:15.0,Health & Beauty,160,28,150,146,4.825,85.35733333,4.133333333
140387750,blesiya.my,95,37:14.0,Health & Beauty,23,3,23,23,5,157.5353333,9.466666667
134722755,88199107.my,,53:37.0,Baby & Toys,,,,,,,
143139046,zj8822521.my,69,19:32.0,Baby & Toys,4,2,4,4,5,118.5213333,4.4
134293177,15168003890.my,,46:50.0,Baby & Toys,,,,,,,
131613316,mati.my,,32:40.0,Baby & Toys,,,,,,,
134812194,niceideal.my,97,01:21.0,Baby & Toys,,,,,,27.74533333,1.933333333
135797226,vnailyw.my,97,27:49.0,Baby & Toys,3,1,3,3,5,71.664,21.06666667
151298800,luzunrong.my,100,35:06.0,Baby & Toys,6,0,6,2,4.333333333,11.85333333,0.333333333
130361152,linkturnon.my,100,06:39.0,Baby & Toys,5,2,5,5,5,59.29266667,2.533333333
142439934,zgeqyhmy.my,,36:49.0,Baby & Toys,,,,,,,
149794189,lvzhihua.my,,29:40.0,Health & Beauty,,,,,,,
143566600,yohokiz.my,97,23:03.0,Baby & Toys,23,5,19,20,4.608695652,100.5706667,28.8
137400830,innocentandpure.my,,01:04.0,Health & Beauty,,,,,,,
135162799,nmgwsxx.my,100,21:36.0,Baby & Toys,,,,,,,
139559974,bjmbshjz.my,96,02:16.0,Health & Beauty,,,,,,4.266666667,0.066666667
147025931,reocahoo.my,0,27:43.0,Baby & Toys,,,,,,,
142343488,huang199517.my,,36:28.0,Baby & Toys,5,1,4,4,4.4,,
137846264,ziran11.my,,02:37.0,Baby & Toys,1,0,1,1,5,,
137250395,tutubon.my,98,40:25.0,Health & Beauty,,,,,,31.1,1
137753791,highchong.my,,40:01.0,Baby & Toys,,,,,,,
143179551,lyooki.my,,10:44.0,Baby & Toys,,,,,,,
142953235,mnlivingstore.my,18,08:12.0,Baby & Toys,2,0,2,2,5,,
135205523,miocare.my,97,51:49.0,Health & Beauty,7,0,7,7,5,47.01333333,1.866666667
141934987,seeuuagain2019.my,100,07:57.0,Baby & Toys,30,7,29,28,4.866666667,19.23266667,1.533333333
145546593,funblock.my,86,46:49.0,Baby & Toys,35,16,31,28,4.685714286,116.2386667,3.733333333
151884043,newstyle1.my,20,40:55.0,Baby & Toys,22,8,21,21,4.909090909,17.81466667,0.733333333
151860147,hejinfeng.my,,09:42.0,Baby & Toys,,,,,,,
133454744,baiyan.my,83,21:29.0,Health & Beauty,29,7,29,26,4.896551724,81.57533333,8.2
133308875,kakaba01.my,,49:43.0,Baby & Toys,1,0,1,1,5,,
133104786,cornercabin0.my,,02:33.0,Baby & Toys,11,5,11,11,5,,
134191767,xjahxsz2.my,,14:19.0,Baby & Toys,,,,,,,
131666545,dgsy.my,,18:20.0,Baby & Toys,,,,,,,
147738403,yzh5400.my,99,09:18.0,Health & Beauty,11,2,11,11,5,103.8266667,2.133333333
149529764,stlishun.my,,05:23.0,Baby & Toys,,,,,,,
130182251,qpapkxuj.my,100,22:39.0,Health & Beauty,,,,,,,
144644067,shanshan733.my,,03:59.0,Health & Beauty,,,,,,,
134787940,babytoym1.my,95,10:02.0,Baby & Toys,1,1,1,1,5,7.786,0.733333333
144671461,yj130000.my,,30:22.0,Baby & Toys,,,,,,,
143698982,dawa.my,55,50:44.0,Baby & Toys,38,4,35,32,4.736842105,9.306,1.4
151561254,zhenglunshangmao.my,0,11:09.0,Health & Beauty,1,0,1,1,5,,
142175954,hhj2008.my,100,02:07.0,Baby & Toys,23,6,23,19,4.826086957,21.172,1
133105625,socool.my,,06:15.0,Health & Beauty,2,0,2,1,4.5,,
131627609,13655973073.my,,37:31.0,Baby & Toys,1,0,1,1,5,,
134812320,boysfashionacc.my,99,01:57.0,Baby & Toys,45,4,40,37,4.644444444,18.80133333,2.2
150108101,shyqmy.my,,33:59.0,Baby & Toys,4,0,4,3,4.75,,
151583524,bluehresy.my,,48:24.0,Baby & Toys,,,,,,,
134531415,pinyun888.my,0,59:01.0,Health & Beauty,3,1,0,1,3,2.708,0.066666667
151884336,doremi.my,86,41:58.0,Baby & Toys,1,0,1,1,5,13.38,0.466666667
133322356,hai619glk.my,100,53:17.0,Health & Beauty,6,0,5,5,4.666666667,7.466666667,0.2
139177495,hopewoodtoys.my,97,11:03.0,Baby & Toys,11,0,10,9,4.727272727,,
137977869,bearbubble.my,,27:08.0,Baby & Toys,,,,,,,
134526361,495219575.my,,32:57.0,Baby & Toys,,,,,,,
134191939,akachan_taiwan.my,,15:09.0,Baby & Toys,,,,,,,
147977385,unicornparty.my,50,14:13.0,Baby & Toys,31,11,26,22,4.483870968,159.136,4.133333333
131087866,zzaiweiya.my,85,38:12.0,Baby & Toys,3,1,3,3,5,2.612,0.133333333
138854748,taihuaxin2019.my,87,49:43.0,Health & Beauty,34,11,32,27,4.735294118,49.40933333,24.66666667
152176125,daduizhang.my,,27:12.0,Baby & Toys,,,,,,,
130095811,ezbuy.my,100,43:09.0,Baby & Toys,207,34,189,184,4.758454106,61.23666667,4.066666667
147228823,shengdazhi.my,,51:42.0,Health & Beauty,4,3,4,2,4.5,,
133309944,kakaba03.my,,54:33.0,Baby & Toys,,,,,,,
143240840,loushiming.my,,16:16.0,Baby & Toys,,,,,,,
139180394,wantengqian.my,97,29:16.0,Groceries & Pets,118,33,108,102,4.754237288,3.322666667,0.4
134191820,sidxjaxz.my,,14:35.0,Health & Beauty,,,,,,,
138810225,bestchoices.my,95,09:06.0,Health & Beauty,138,26,131,123,4.81884058,191.5773333,8.466666667
133653886,zhangzhenxing.my,100,06:34.0,Health & Beauty,20,3,17,17,4.65,20.47466667,3.333333333
133502355,amidatw_taiwan.my,100,25:58.0,Health & Beauty,5,3,5,4,4.8,,
148809195,vlut.sip.my,100,51:33.0,Baby & Toys,,,,,,,
142812726,weiqijia.my,57,52:03.0,Baby & Toys,1,1,1,1,5,3.139333333,0.733333333
151851929,imagic_comstics.my,14,36:27.0,Health & Beauty,77,18,77,74,4.961038961,79.656,6.266666667
134809678,poslajudo.my,100,49:32.0,Baby & Toys,26,7,25,23,4.807692308,81.60666667,6.066666667
133531071,cici1.my,0,49:05.0,Health & Beauty,7,1,2,4,3.571428571,,
131679747,huni03.my,,09:59.0,Health & Beauty,,,,,,,
131958722,wangwei1.my,99,31:59.0,Health & Beauty,18,1,18,16,4.888888889,274.3866667,25.06666667
142806136,defeng.my,46,25:16.0,Baby & Toys,27,11,27,22,4.814814815,2.285333333,0.266666667
147629749,zita_c668..my,100,32:38.0,Baby & Toys,,,,,,2.218,0.333333333
150590203,cechelon.my,0,12:40.0,Health & Beauty,42,8,40,38,4.857142857,8.123333333,1
133258238,ttmaxstore_taiwan.my,,36:28.0,Health & Beauty,1,1,1,0,4,,
149308153,mnvf.my,,01:49.0,Baby & Toys,7,3,7,4,4.571428571,26.06666667,0.2
151894570,lovefmly.my,49,18:17.0,Baby & Toys,26,3,25,24,4.884615385,74.18333333,5.466666667
130511481,dorababy95.my,0,57:57.0,Baby & Toys,5,1,5,5,5,,
147648568,qdywdz.my,,05:27.0,Baby & Toys,,,,,,,
152143082,mtdental888.my,78,29:32.0,Health & Beauty,5,1,5,5,5,26.8,1.333333333
140925308,ynidvert.my,,43:18.0,Baby & Toys,,,,,,,
140642465,t2t.my,96,57:13.0,Baby & Toys,32,7,26,26,4.53125,7.924,1
148893908,mystyle7.my,100,15:10.0,Baby & Toys,13,1,13,13,5,11.29666667,0.6
145161261,aroseshop.my,,47:59.0,Health & Beauty,,,,,,,
152136051,linkaitoy.my,38,24:07.0,Baby & Toys,,,,,,56.20666667,16.66666667
145791379,chenyishan0905.my,,59:40.0,Health & Beauty,,,,,,,
137583899,yoyosmart.my,12,43:55.0,Baby & Toys,7,1,6,6,4.714285714,10.46666667,0.333333333
132617747,gentinanemo.my,75,11:34.0,Baby & Toys,,,,,,8.04,0.066666667
130947446,spwholesalem1.my,94,09:58.0,Baby & Toys,26,12,26,24,4.923076923,19.39266667,1.4
136551566,nishishui66.my,99,33:37.0,Baby & Toys,1,0,1,1,5,20.66533333,0.733333333
137608427,nodl.my,97,44:43.0,Baby & Toys,2,0,2,2,5,,
145799451,thefirstbaby.my,,32:35.0,Baby & Toys,,,,,,,
147111586,yyghmy.my,,55:06.0,Health & Beauty,,,,,,,
140997340,eastwu.my,0,09:43.0,Health & Beauty,752,137,707,687,4.82712766,,
133639415,mommybaby666.my,92,56:52.0,Baby & Toys,15,7,15,14,4.933333333,28.398,6.2
132714217,ahagt02.my,0,17:13.0,Baby & Toys,,,,,,,
147066102,ashe.my,0,42:06.0,Baby & Toys,,,,,,23.128,0.8
136266344,wyz001.my,100,13:44.0,Baby & Toys,4,1,0,2,3,,
147912214,lhb520.my,100,22:33.0,Health & Beauty,,,,,,,
136277328,cola198814.my,83,06:07.0,Health & Beauty,4,2,4,3,4.75,26.66533333,0.133333333
132462682,meetjy.my.my,,51:00.0,Baby & Toys,,,,,,,
131870584,pickyourproducts.my,4,23:11.0,Groceries & Pets,9,3,9,8,4.888888889,,
143231170,rrfamily1215.my,98,46:43.0,Baby & Toys,35,5,32,30,4.742857143,134.314,9.8
147921525,gpsjfmy.my,,01:28.0,Health & Beauty,,,,,,,
133968989,chengke123.my,62,27:04.0,Baby & Toys,,,,,,8.46,0.2
133287990,xihax06.my,,11:00.0,Baby & Toys,,,,,,,
145581132,hongsenbaby.my,8,23:59.0,Baby & Toys,10,5,9,9,4.8,26.43133333,0.866666667
151358667,jstg888.my,100,57:22.0,Baby & Toys,2,0,2,2,5,6.765333333,0.8
140866097,shellmall.my,100,57:13.0,Baby & Toys,17,2,15,15,4.764705882,2.418666667,0.133333333
132816898,56kingkong.my,0,20:42.0,Health & Beauty,30,9,26,25,4.633333333,16.46666667,0.466666667
141593422,littlestarry.my,46,02:40.0,Health & Beauty,205,42,185,177,4.751219512,43.334,4.533333333
134935588,xinyue999.my,,27:11.0,Baby & Toys,,,,,,,
133335564,zguo.my,,00:43.0,Baby & Toys,,,,,,,
140828412,julybaby.my,,25:05.0,Baby & Toys,3,2,3,3,5,,
135427796,starwishyoung.my,99,52:00.0,Baby & Toys,1,1,1,1,5,442.8506667,22.8
132137762,kexia0289.my,86,58:04.0,Baby & Toys,4,0,4,4,5,70.57133333,8.4
143627281,aiyabear.my,84,23:45.0,Baby & Toys,29,9,29,23,4.793103448,33.32,0.666666667
141118940,yunmusp8112.my,100,21:39.0,Baby & Toys,,,,,,26.49266667,3.666666667
147502225,artdou.my,,05:18.0,Groceries & Pets,4,0,4,3,4.75,4.526,0.133333333
152167405,jmoo.my,,47:04.0,Health & Beauty,,,,,,,
139747108,journeyzimmerlee.my,,15:16.0,Baby & Toys,,,,,,,
150493774,xwxiao5.my,100,02:44.0,Groceries & Pets,12,1,11,11,4.75,0.332666667,0.066666667
134769343,highleytech.my,,44:17.0,Baby & Toys,,,,,,,
149349907,caiyuekeji.my,90,41:25.0,Baby & Toys,,,,,,31,0.6
140646144,374229617qq.my,95,15:13.0,Health & Beauty,16,2,16,14,4.875,62.02666667,3.4
141582440,super_children.my,99,04:45.0,Baby & Toys,83,19,78,71,4.78313253,435.8133333,30.13333333
139182486,czsfytdsm.my,,42:08.0,Baby & Toys,,,,,,,
132415489,fing04.my,,30:24.0,Baby & Toys,,,,,,,
130670844,legooffice.my,100,56:08.0,Health & Beauty,24,2,12,15,3.916666667,,
148843037,xushaung0228.my,97,12:40.0,Baby & Toys,6,1,1,3,3.333333333,299.4826667,43.2
151188932,weiidream1314.my,,09:24.0,Health & Beauty,,,,,,,
143877197,zhangle1993.my,100,30:04.0,Baby & Toys,5,2,5,4,4.8,,
137700937,anlen1988.my,,25:39.0,Baby & Toys,3,3,3,3,5,,
139169559,hijustgo.my,99,12:56.0,Baby & Toys,436,53,429,420,4.940366972,228.2753333,17.06666667
137361734,zhuabe12345.my,,11:23.0,Health & Beauty,,,,,,,
149454024,bdbeaute.my,50,58:06.0,Health & Beauty,95,39,91,91,4.905263158,32.906,3.466666667
140211399,lovelove2.my,99,55:04.0,Health & Beauty,16,3,16,16,5,15.29133333,2.733333333
148736701,tangtangtext.my,100,14:22.0,Baby & Toys,26,1,20,20,4.461538462,49.46533333,1.8
133733446,pishonjp.my,96,46:31.0,Baby & Toys,41,6,38,32,4.707317073,18.972,0.4
152161805,chenzetrading.my,94,21:07.0,Health & Beauty,21,8,21,21,5,34.49866667,0.866666667
141015275,superwhosaler.my,0,40:06.0,Baby & Toys,1,0,1,1,5,4.814666667,0.133333333
134809531,yoyofruit.my,0,48:50.0,Baby & Toys,5,4,5,5,5,3.036,0.2
134378479,neotidekor.my,100,50:16.0,Health & Beauty,66,13,64,60,4.863636364,1527.523333,37.33333333
147357194,smallneeds.my,98,04:29.0,Baby & Toys,44,11,44,38,4.863636364,25.3,1.4
145433807,evashop871023.my,99,23:45.0,Baby & Toys,22,7,22,17,4.772727273,89.05933333,14.8
135825369,lensclub.my,0,40:27.0,Health & Beauty,3,2,3,3,5,0.5,0.066666667
139166665,nice3322.my,100,45:35.0,Baby & Toys,29,3,29,26,4.896551724,,
134809059,disscomingm1.my,100,46:49.0,Health & Beauty,2,1,2,2,5,1.662666667,0.333333333
149111463,woodellen.my,83,52:15.0,Health & Beauty,11,1,11,10,4.909090909,27.08666667,0.933333333
143502036,mgnfhg.my,,10:13.0,Health & Beauty,,,,,,,
150172594,llechao.my,100,18:55.0,Health & Beauty,3,1,3,3,5,,
145793502,zzmdxmy.my,88,07:54.0,Health & Beauty,22,5,20,21,4.818181818,92.98666667,1.133333333
151997140,jiaoyiwen.my,,38:59.0,Baby & Toys,,,,,,,
148562720,xsmart.my,69,58:30.0,Baby & Toys,11,3,8,9,4.454545455,2.852666667,0.066666667
131387476,june.aurora.my,97,27:56.0,Health & Beauty,208,35,204,198,4.927884615,19.97266667,4.4
141848616,bluesky111.my,,36:52.0,Baby & Toys,,,,,,,
152236422,warmbig.my,16,42:37.0,Baby & Toys,7,3,4,5,4.142857143,3.596666667,0.6
145148441,seafishsun.my,100,31:48.0,Baby & Toys,1,0,1,0,4,17.31733333,1.266666667
134522020,amazingjt.my,,09:09.0,Baby & Toys,,,,,,,
152044691,.js.my,99,26:44.0,Baby & Toys,156,60,154,148,4.929487179,228.5673333,16.66666667
147363488,jijingtechnology.my,68,56:50.0,Health & Beauty,3,1,3,2,4.666666667,,
131363149,hello7bb.my,97,39:46.0,Baby & Toys,4,0,4,3,4.75,18.33933333,0.666666667
143142655,meimei_shi_taiwan.my,,41:11.0,Health & Beauty,5,2,5,5,5,,
147925877,landzo.my,0,18:31.0,Baby & Toys,8,1,7,7,4.75,,
134792371,amarniya.my,67,29:58.0,Baby & Toys,3,0,3,3,5,8.762666667,0.4
152175611,comfykidshoes.my,99,24:51.0,Baby & Toys,2,0,2,2,5,142.2086667,4.733333333
149447985,xianjjkik.my,5,28:16.0,Groceries & Pets,21,3,20,19,4.857142857,,
139978779,rabbit9090.my,,13:05.0,Health & Beauty,1,0,1,1,5,,
130833681,cindytoys.my,,34:23.0,Baby & Toys,32,4,32,32,5,2.304,0.2
150171434,amywen5766.my,0,16:07.0,Health & Beauty,,,,,,1.526666667,0.733333333
151121425,huajianzui.my,12,12:46.0,Baby & Toys,2,1,2,2,5,,
146056198,jntree.my,100,25:02.0,Baby & Toys,6,0,6,6,5,11.248,0.066666667
134072182,2355495712.my,0,18:10.0,Health & Beauty,22,2,18,18,4.590909091,8.781333333,0.133333333
146256434,luocuiriyong.my,13,04:00.0,Baby & Toys,17,5,11,13,4.235294118,22.4,0.666666667
143147900,ksbgmy.my,,10:57.0,Groceries & Pets,,,,,,,
131204275,awoww04.my,,37:41.0,Health & Beauty,,,,,,,
133458126,aaamq.my,45,41:48.0,Health & Beauty,5,1,5,4,4.8,18,0.133333333
145492009,jiacheng.my,100,06:41.0,Baby & Toys,,,,,,4.733333333,0.133333333
140990246,vigorgirl.my,0,33:38.0,Baby & Toys,12,3,12,9,4.75,6.565333333,0.4
135908996,ljh4.my,99,14:22.0,Health & Beauty,26,9,24,19,4.576923077,265.2486667,9.4
131460075,grainbuds.my,4,16:34.0,Baby & Toys,,,,,,1.32,0.066666667
151873933,flowersahver.my,0,03:56.0,Baby & Toys,11,1,11,11,5,6.26,0.2
137594310,huangsenxin3.my,99,35:12.0,Health & Beauty,16,3,16,14,4.875,98.148,4.533333333
149749959,myqstore.my,,34:19.0,Health & Beauty,,,,,,,
134730439,fdasjklfdj.my,,38:27.0,Health & Beauty,,,,,,,
135820317,xiyou123.my,82,16:57.0,Health & Beauty,172,58,148,143,4.63372093,14.66066667,0.4
149453655,easyhome1.my,,56:25.0,Baby & Toys,,,,,,,
149544206,yuegou.my,97,03:23.0,Baby & Toys,10,0,10,9,4.9,,
131358240,babygamy.my,54,14:46.0,Baby & Toys,8,2,8,7,4.875,9.112,0.4
141373666,beauty_mami.my,32,39:25.0,Health & Beauty,59,16,52,50,4.677966102,191.4386667,21.26666667
137744473,homdox.my,,56:47.0,Health & Beauty,4,0,4,4,5,,
145958742,mr.zhangcheng.my,100,24:42.0,Baby & Toys,315,62,306,287,4.876190476,25.30666667,0.933333333
137924135,chechi666.my,,28:20.0,Baby & Toys,1,0,1,1,5,,
143846412,beybladeworld520.my,35,16:59.0,Baby & Toys,7,1,7,6,4.857142857,1.699333333,0.133333333
136694089,hdsctqmm.my,100,28:32.0,Groceries & Pets,1,1,1,1,5,4.017333333,0.133333333
134729878,feiluer.my,80,35:16.0,Health & Beauty,16,1,14,13,4.4375,10.328,0.533333333
148021330,wuli000.my,95,46:46.0,Baby & Toys,6,2,6,5,4.833333333,20.28266667,0.333333333
137988750,zhtechnology.my,97,12:07.0,Baby & Toys,13,1,13,13,5,,
143713427,13316877885.my,,16:27.0,Health & Beauty,,,,,,,
135765167,xunhongdianzishangwu.my,,45:27.0,Health & Beauty,,,,,,,
149135311,superfun8.my,,20:35.0,Baby & Toys,,,,,,,
142729163,laplbete.my,,31:13.0,Baby & Toys,,,,,,,
132137023,diaperbagbackpack.my,,55:25.0,Baby & Toys,,,,,,,
138989400,mera.my,99,46:59.0,Health & Beauty,5,2,5,5,5,74.65333333,0.6
140830211,paiduizonghui.my,,34:27.0,Baby & Toys,,,,,,3.2,0.066666667
137299161,zhanggg.my,,30:20.0,Baby & Toys,,,,,,,
131099847,firesky.my,97,37:47.0,Health & Beauty,23,3,22,16,4.608695652,45.546,3.333333333
138959444,anzi190309.my,,46:06.0,Baby & Toys,,,,,,,
130180175,esxuuuusa.my,,12:48.0,Health & Beauty,1,0,1,1,5,,
140363845,louyan.my,95,35:31.0,Health & Beauty,9,3,9,9,5,,
131493928,wenqiang234.my,,39:19.0,Baby & Toys,,,,,,,
138365833,zhu_xxxx.my,99,10:27.0,Health & Beauty,1,1,1,1,5,121.4306667,5.666666667
130068450,zhumengtang.my,0,40:47.0,Baby & Toys,7,2,7,7,5,1.138666667,0.133333333
145973241,hy93128.my,96,31:23.0,Health & Beauty,6,0,4,5,4.333333333,133.0033333,0.466666667
137528144,xiaofangren.my,,24:04.0,Baby & Toys,2,2,2,2,5,,
141123033,meetsyou.my,,52:01.0,Baby & Toys,,,,,,,
141142203,wowakeji.my,97,46:47.0,Baby & Toys,8,0,8,6,4.75,30.56,0.466666667
151886892,rosejack.my,97,50:44.0,Baby & Toys,36,4,32,31,4.722222222,95.9,4.133333333
149175609,bibo_biotech.my,,06:23.0,Baby & Toys,7,1,7,6,4.857142857,,
140981399,tooshmall.my,,49:51.0,Health & Beauty,2,0,2,2,5,,
147620878,haiyv.my,98,31:09.0,Health & Beauty,12,2,10,9,4.5,27.65533333,1.2
148904554,zhijinc.my,95,55:53.0,Baby & Toys,,,,,,32.93333333,0.533333333
135044027,witkey1.my,91,51:40.0,Baby & Toys,20,1,19,19,4.9,74.33066667,11
146087793,yitaipiaoyi.my,,17:41.0,Baby & Toys,,,,,,,
151874449,jdzzstore.my,96,06:00.0,Baby & Toys,43,15,43,41,4.953488372,191.8206667,9.533333333
145553127,bemorebeautiful.my,11,15:24.0,Baby & Toys,,,,,,1.77,0.2
131678979,aorain.my,57,07:04.0,Health & Beauty,60,11,56,54,4.8,14.726,3
136561163,tia25ncai.my,100,17:24.0,Baby & Toys,,,,,,5.466666667,0.066666667
143096564,ursobeautiful.my,,56:11.0,Baby & Toys,10,2,8,9,4.6,2.506,0.066666667
147635540,yinhuanmiao.my,94,04:08.0,Baby & Toys,54,24,52,51,4.888888889,385.646,25.33333333
134807397,xdlplaza.my,,38:49.0,Baby & Toys,,,,,,,
147396652,sygy.my,,39:36.0,Health & Beauty,,,,,,,
145235473,pfjc.sip.my,100,35:37.0,Baby & Toys,,,,,,,
131678135,flyup.my,95,03:46.0,Health & Beauty,15,3,13,13,4.666666667,83.47066667,26.46666667
145224451,xiaoqunzi.my,,53:48.0,Baby & Toys,,,,,,,
137704642,forbestu.my,100,45:46.0,Health & Beauty,1,1,0,0,3,,
150114001,rsun.my,98,50:42.0,Baby & Toys,25,1,23,23,4.84,1811.845333,144.8
140304407,chengchen3.my,100,29:26.0,Baby & Toys,,,,,,2.733333333,0.066666667
147698071,jiayistore.my,95,27:59.0,Baby & Toys,31,3,30,29,4.903225806,169.058,8.4
131413990,zzcykj.my,,16:51.0,Baby & Toys,,,,,,1.652666667,0.066666667
130308385,sabelstore.my,,53:46.0,Health & Beauty,,,,,,,
142544247,snowzone.my,,22:19.0,Health & Beauty,,,,,,,
132878385,shopeevvvip.my,99,18:33.0,Baby & Toys,142,29,137,122,4.816901408,1415.742,82.06666667
134516975,shelly2019320.my,,40:19.0,Baby & Toys,26,6,25,23,4.846153846,2.911333333,0.466666667
133071325,ahjzzhiqin.my,96,26:23.0,Health & Beauty,38,10,28,27,4.342105263,98.02666667,2.933333333
140613221,ningyuetongxin.my,100,37:16.0,Health & Beauty,26,8,21,22,4.615384615,19.84333333,0.866666667
142137723,chinese.medicine.my,89,38:52.0,Health & Beauty,52,11,52,50,4.961538462,35.202,0.733333333
140618770,simhoa2.my,97,02:02.0,Baby & Toys,15,0,13,13,4.666666667,163.504,8.933333333
143768904,125251056.my,,31:59.0,Baby & Toys,1,0,1,1,5,,
147422465,qinruize.my,,21:31.0,Baby & Toys,,,,,,,
132872645,lqve.my,,53:18.0,Baby & Toys,,,,,,,
141332322,jryspoty.my,,57:18.0,Health & Beauty,,,,,,,
138937059,aab.my,69,20:59.0,Baby & Toys,11,0,11,10,4.909090909,0.666666667,0.133333333
145783988,islaashop.my,100,31:35.0,Health & Beauty,5,2,5,5,5,3.805333333,0.266666667
134784076,tencetvip.my,98,52:56.0,Groceries & Pets,55,2,51,52,4.836363636,13.11733333,2.2
141610665,beautynacy.my,100,36:27.0,Health & Beauty,2,0,1,0,3.5,3.073333333,0.333333333
133302952,puay07.my,,22:24.0,Baby & Toys,,,,,,,
134298977,meidaiboyou.my,97,21:09.0,Health & Beauty,2,0,2,2,5,5.666666667,0.066666667
146051471,prcmisemed.my,,08:02.0,Health & Beauty,,,,,,,
133455033,kw_collection_shop.my,,23:14.0,Baby & Toys,,,,,,,
132807371,dxf123.my,,19:42.0,Baby & Toys,,,,,,,
143245929,eyoyo.my,5,33:05.0,Health & Beauty,1,0,1,1,5,0.533333333,0.066666667
134667535,beautyskincaretool.my,98,55:31.0,Health & Beauty,53,14,50,50,4.867924528,230.4826667,9.6
149149379,cds870514.my,,21:55.0,Health & Beauty,,,,,,,
130095655,jumila.my,98,42:22.0,Baby & Toys,99,19,96,93,4.909090909,72.58466667,5.266666667
133640014,zhangqiao88.my,,04:12.0,Baby & Toys,2,0,2,2,5,1.646666667,0.066666667
151141456,lishuang.my,,33:18.0,Baby & Toys,1,0,1,1,5,6.440666667,0.133333333
137465559,avton.my,98,11:47.0,Health & Beauty,,,,,,391.5873333,73.13333333
148810465,hudndiy.my,,57:32.0,Groceries & Pets,3,1,3,2,4.666666667,,
136491465,yabeesister_taiwan.my,,47:48.0,Baby & Toys,10,2,10,10,5,,
151551080,mrzeng.my,97,21:13.0,Health & Beauty,8,0,8,7,4.875,35.32,0.4
141696626,mowendy.my,,50:46.0,Health & Beauty,11,2,11,11,5,,
137916830,baijinhan.my,,50:00.0,Baby & Toys,,,,,,,
141259257,hellsister.my,,28:20.0,Health & Beauty,,,,,,,
145423724,tent.my,,36:40.0,Baby & Toys,,,,,,,
140595802,kissbz.my,,16:34.0,Baby & Toys,,,,,,,
149484546,sequito.my,90,07:44.0,Health & Beauty,1,0,1,0,4,,
143730985,tiffanybaby1.my,99,42:22.0,Health & Beauty,398,115,365,352,4.771356784,1305.710667,38.2
133314553,coka03.my,100,15:51.0,Health & Beauty,,,,,,,
149380841,jaffelin.my,79,21:45.0,Baby & Toys,18,4,18,17,4.944444444,7.992666667,0.266666667
142610986,fashion_mother.my,100,20:20.0,Baby & Toys,77,34,71,68,4.792207792,3.454666667,0.266666667
151877963,kawagoe.my,,19:00.0,Baby & Toys,3,2,3,3,5,,
152171409,hafmall.my,,05:17.0,Baby & Toys,,,,,,,
136581141,apluskis.my,98,57:02.0,Health & Beauty,99,17,98,96,4.95959596,1049.721333,32.26666667
136581757,2802412323.my,,00:18.0,Groceries & Pets,,,,,,,
152205674,echo1996sahala.my,,38:00.0,Health & Beauty,,,,,,,
151877698,huiqing.my,48,18:05.0,Baby & Toys,114,34,110,107,4.885964912,82.18066667,10
144727465,mannuo.my,96,34:10.0,Health & Beauty,42,4,40,40,4.880952381,178.4573333,3.933333333
151185176,supermoon_kids.my,98,52:18.0,Baby & Toys,17,8,17,17,5,11.58,0.866666667
146081960,koreastagram.my,100,56:29.0,Health & Beauty,25,9,25,21,4.84,97.956,0.533333333
134792404,nielking.my,100,30:06.0,Groceries & Pets,1,0,1,0,4,9.760666667,0.066666667
151564033,dinggaojiaju.my,99,24:36.0,Health & Beauty,24,4,19,18,4.5,,
147367118,babycircle09.my,99,20:21.0,Baby & Toys,1,0,1,1,5,,
138134238,amazingshoping.my,26,16:00.0,Baby & Toys,32,9,27,22,4.53125,30.14666667,1.2
134714913,yihaosale.my,90,53:18.0,Baby & Toys,29,5,19,22,4.275862069,,
132926874,qayot07.my,100,06:42.0,Baby & Toys,,,,,,0.953333333,0.066666667
142330416,hinahome.my,77,16:59.0,Health & Beauty,,,,,,17.78,0.133333333
137919765,dfly.my,,06:18.0,Baby & Toys,1,0,1,1,5,,
142358071,szcocomi.my,,51:51.0,Baby & Toys,,,,,,,
131335686,lufangyan168.my,,27:48.0,Baby & Toys,,,,,,,
149571862,colourfeel.my,100,01:06.0,Health & Beauty,23,10,16,18,4.304347826,,
130129727,napolu.my,,20:10.0,Baby & Toys,,,,,,,
131608024,maituodz.my,95,07:19.0,Health & Beauty,15,2,15,15,5,24.2,0.2
134294081,xiami2019.my,100,52:38.0,Baby & Toys,18,4,18,17,4.944444444,740.0973333,21.66666667
133532955,lovinland.my,,58:44.0,Health & Beauty,14,4,14,14,5,,
136281459,beautyface.my,,25:23.0,Health & Beauty,,,,,,3.458666667,0.466666667
151968973,lamuseland.my,99,44:21.0,Health & Beauty,147,30,142,134,4.87755102,112.1393333,57.93333333
138085330,wangxinsheng.my,,28:46.0,Health & Beauty,,,,,,,
133091390,lilyhealthybeauty.my,,02:01.0,Health & Beauty,1,0,1,1,5,,
151859323,yiguerxi.my,99,06:28.0,Baby & Toys,1,0,1,1,5,53.62533333,0.866666667
143148568,richpharmacy_taiwan.my,,14:42.0,Health & Beauty,1,0,1,1,5,,
131361216,youjiehealthcare.my,,29:57.0,Health & Beauty,,,,,,,
140849705,caiyism.my,,30:37.0,Groceries & Pets,,,,,,,
142192837,wandilian.my,95,29:57.0,Health & Beauty,40,9,38,36,4.825,47.9,5.733333333
134735143,peppypawm1.my,,03:27.0,Groceries & Pets,48,5,41,42,4.708333333,,
135795589,gleoite_wardrobe.my,95,19:53.0,Baby & Toys,12,3,12,12,5,29.56,1.266666667
137917777,muyouren.my,99,55:36.0,Baby & Toys,286,68,278,269,4.895104895,37.52666667,9.266666667
151353234,youkun.my,95,34:25.0,Health & Beauty,23,3,22,20,4.782608696,57.064,13.33333333
149207454,dodom.my,,07:14.0,Health & Beauty,,,,,,,
139717733,kim1.my,,43:44.0,Baby & Toys,10,3,10,9,4.9,,
150122170,ranaoshangmao.my,,11:58.0,Baby & Toys,11,5,6,8,4,,
132170865,avonxxp.my,0,11:58.0,Health & Beauty,,,,,,,
140388394,perfk2.my,97,40:28.0,Baby & Toys,,,,,,190.852,14
139001065,value_time.my,,44:14.0,Health & Beauty,,,,,,,
135043545,raiseing.my,94,48:56.0,Baby & Toys,6,1,3,4,3.833333333,59.746,7.8
151224909,qimiaoshijie.my,100,32:33.0,Baby & Toys,27,14,26,26,4.925925926,24.21,2.533333333
131710087,airlut.my,100,11:32.0,Baby & Toys,64,18,59,59,4.8125,157.342,50.46666667
136249063,easynail.my,,42:22.0,Health & Beauty,,,,,,,
134176828,longyatea1974_taiwan.my,,01:13.0,Groceries & Pets,1,1,1,1,5,,
136253813,suomo.my,100,09:18.0,Baby & Toys,1,0,1,1,5,23.59533333,1.533333333
130130707,13423948333.my,,24:40.0,Health & Beauty,13,1,13,13,5,,
152172416,demoncj.my,96,09:43.0,Health & Beauty,65,12,63,60,4.876923077,86.26666667,1
133552836,haozhou3.my,,45:47.0,Baby & Toys,1,0,1,1,5,,
149452581,nobes_sz.my,,51:38.0,Baby & Toys,,,,,,,
141854282,littlecat11.my,,02:18.0,Health & Beauty,1,1,1,1,5,,
138161410,ywdaxia.my,10,18:46.0,Baby & Toys,1,0,1,0,4,,
130096430,takeeasy.my,91,46:03.0,Health & Beauty,13,2,11,11,4.692307692,27.42933333,2.333333333
140150894,yangjinzhu00.my,100,30:51.0,Baby & Toys,,,,,,,
139624269,honghuang2020.my,14,05:42.0,Baby & Toys,44,6,42,40,4.863636364,60.97333333,1.333333333
131677818,hjtyyjsgdf.my,98,02:31.0,Health & Beauty,61,10,59,59,4.901639344,266.6673333,16.26666667
142228487,hickity.my,98,45:03.0,Baby & Toys,3,0,3,3,5,91.11533333,2.066666667
145221884,lixians680.my,100,43:56.0,Baby & Toys,5,1,5,5,5,33.06666667,0.466666667
133097322,soso_sweet.my,,28:53.0,Baby & Toys,,,,,,,
143173432,longkow1949_taiwan.my,,51:45.0,Groceries & Pets,,,,,,,
151874360,lakersking.my,94,05:33.0,Baby & Toys,97,31,96,92,4.93814433,198.5433333,10.2
133561118,shwm.my,100,32:18.0,Health & Beauty,3,0,3,3,5,,
141590913,betterworld2018.my,51,49:33.0,Baby & Toys,69,21,68,66,4.942028986,7.874666667,2.066666667
151297334,dingpeiwang.my,100,26:32.0,Health & Beauty,10,1,9,9,4.8,6.643333333,0.2
140212202,chen6986.my,97,59:16.0,Health & Beauty,,,,,,51.102,1.133333333
141914397,alevellife.my,97,07:35.0,Health & Beauty,169,53,162,154,4.857988166,36.25666667,2.6
147632706,fjsdhxqwtc.my,97,49:42.0,Baby & Toys,39,9,35,35,4.717948718,40.98466667,2.533333333
145025926,accessorycollege.my,98,01:55.0,Baby & Toys,38,9,35,36,4.842105263,49.54933333,4.733333333
134801443,youxiu.my,27,11:11.0,Baby & Toys,1,1,1,1,5,12.48866667,1.066666667
150145293,mylitterbabies.my,98,12:07.0,Baby & Toys,131,30,128,124,4.923664122,13.386,1.6
131864612,duoladiba.my,,53:23.0,Baby & Toys,,,,,,,
140345631,jiuduo.my,,06:25.0,Baby & Toys,4,1,4,4,5,1.536,0.066666667
139606701,yuruyan886.my,100,35:25.0,Baby & Toys,3,0,3,2,4.666666667,2.906,0.133333333
140976412,herbabe.my,65,23:58.0,Baby & Toys,12,2,12,11,4.916666667,61.538,1.6
136604456,mysudui.my,100,00:38.0,Groceries & Pets,69,20,69,67,4.971014493,146.9713333,4.866666667
130182172,fskzxndkl.my,,22:18.0,Groceries & Pets,,,,,,,
140948554,zhiyaor.my,,57:29.0,Baby & Toys,,,,,,,
137792711,panjia168.my,100,46:46.0,Baby & Toys,,,,,,7.083333333,0.066666667
133510576,yinkan.my,90,04:51.0,Baby & Toys,11,3,11,11,5,17,2.066666667
137309312,sevenfish1.my,100,15:03.0,Health & Beauty,83,21,75,70,4.746987952,112.4413333,17.66666667
144912898,dcsofei_taiwan.my,,47:35.0,Health & Beauty,2,0,2,2,5,,
146082997,showbox.my,98,00:15.0,Health & Beauty,475,218,473,459,4.962105263,2596.268,66.33333333
151554444,k_korea.my,50,39:27.0,Health & Beauty,95,31,93,93,4.957894737,1501.612667,12.33333333
139487762,grapebaby.my,,45:37.0,Baby & Toys,,,,,,,
151553699,kumiho2019.my,0,35:42.0,Health & Beauty,8,1,8,8,5,,
138141409,bianhua3.my,99,22:08.0,Baby & Toys,1,0,1,1,5,46.47466667,1.066666667
134400924,zhenpinyuan.my,,43:02.0,Baby & Toys,,,,,,,
140210466,houyi.my,100,49:50.0,Health & Beauty,12,1,11,11,4.833333333,2.013333333,0.533333333
148289157,nba998.my,97,25:13.0,Baby & Toys,14,4,12,12,4.714285714,22,0.133333333
133971233,lingque013.my,,37:54.0,Baby & Toys,4,1,4,4,5,,
133085779,youfashionshop.my,100,36:40.0,Baby & Toys,6,0,6,6,5,0.712666667,0.2
151345937,weifang.my,99,02:41.0,Health & Beauty,26,13,25,25,4.923076923,13.53266667,2.466666667
151092578,xiaomioaix.my,99,16:43.0,Health & Beauty,10,1,10,10,5,19.28333333,0.6
140591573,toychilds.my,97,56:16.0,Baby & Toys,198,42,191,180,4.858585859,117.4133333,1
151615904,xiaobianshopee.my,98,50:36.0,Baby & Toys,26,7,25,21,4.769230769,18.71133333,0.866666667
148137589,huihui588.my,0,17:10.0,Health & Beauty,,,,,,,
145687546,mondain.my,,10:00.0,Baby & Toys,,,,,,,
143701786,vincemall.my,,09:31.0,Health & Beauty,,,,,,,
142455756,linlong0127.my,,49:18.0,Health & Beauty,,,,,,,
145953629,xiejun0808.my,,53:59.0,Health & Beauty,6,3,6,6,5,,
145955134,tksmama.my,93,03:47.0,Baby & Toys,262,54,259,239,4.896946565,193.4613333,22.2
130090824,goodluckm1.my,100,18:32.0,Health & Beauty,18,0,18,18,5,10.85466667,1.066666667
151601934,igarden.my,98,59:17.0,Health & Beauty,,,,,,107.9046667,9.333333333
140388477,sunnimix1.my,98,40:54.0,Health & Beauty,50,11,45,45,4.74,230.396,19
151676863,qnomo.my,97,16:07.0,Baby & Toys,3,0,1,2,3.666666667,117.6,0.466666667
147129160,61344751.my,,14:27.0,Baby & Toys,,,,,,,
140498568,happyfancylove.my,84,42:53.0,Baby & Toys,7,2,6,6,4.571428571,8.005333333,0.133333333
134375825,eva2528.my,,37:09.0,Baby & Toys,5,0,5,5,5,,
134809006,teramarrie.my,100,46:34.0,Health & Beauty,,,,,,,
135593026,huwei19870204.my,85,37:37.0,Baby & Toys,,,,,,583.8846667,28.86666667
151959219,wmspml01.my,0,08:17.0,Health & Beauty,,,,,,1.718666667,0.266666667
130539989,tengu678.my,5,24:25.0,Baby & Toys,6,2,6,5,4.833333333,23.224,0.4
150532228,sinofun.my,98,14:46.0,Baby & Toys,508,121,493,481,4.907480315,95.438,29.26666667
141602075,hongtong.my,100,49:17.0,Health & Beauty,56,12,52,52,4.821428571,3.573333333,0.466666667
147101411,shopeedou.my,99,53:53.0,Baby & Toys,163,37,145,143,4.72392638,115.532,15.73333333
133070487,qyqingyun.my,96,22:12.0,Health & Beauty,53,8,42,43,4.528301887,56.2,1.2
143503609,fmgnhj.my,,17:52.0,Health & Beauty,,,,,,,
140741149,jadeschen_taiwan.my,,09:13.0,Groceries & Pets,1,1,0,0,2,,
152254170,i0a5.sip.my,25,55:12.0,Baby & Toys,,,,,,,
135837112,youhoelhm.my,,36:25.0,Health & Beauty,,,,,,,
143595427,bear2019.my,96,45:02.0,Baby & Toys,12,2,11,10,4.75,13.95133333,0.4
133248293,yaho.my,88,39:35.0,Baby & Toys,7,0,6,6,4.714285714,74.04333333,5.333333333
147725516,ketetrading.my,91,16:29.0,Baby & Toys,7,2,7,5,4.714285714,23.466,1.333333333
144588016,xiaopangding.my,0,55:39.0,Baby & Toys,,,,,,1.16,0.066666667
141707385,szcjmyke.my,97,08:53.0,Health & Beauty,50,9,50,47,4.94,252.12,18.73333333
132807270,yiyuanpackagecustome.my,90,18:54.0,Health & Beauty,,,,,,26.05466667,1.866666667
148304055,dobestforyou1.my,100,11:42.0,Baby & Toys,,,,,,7.298,0.133333333
138436588,pumas598.my,100,10:40.0,Baby & Toys,,,,,,,
132808198,jxgehao.my,,25:42.0,Baby & Toys,1,1,1,1,5,,
152167164,luixtertrading.my,,45:55.0,Baby & Toys,,,,,,,
142218763,wmdoll.my,,49:23.0,Health & Beauty,,,,,,,
138812458,bearpaw.my,,20:11.0,Health & Beauty,,,,,,,
134545075,270913292.my,,02:57.0,Baby & Toys,,,,,,,
138812396,sellercastle.my,,19:52.0,Health & Beauty,,,,,,,
145162648,gofancyzone.my,,54:44.0,Baby & Toys,4,0,3,3,4.5,,
130371495,yingxi2019.my,,53:02.0,Baby & Toys,7,0,6,4,4.428571429,,
140627548,globalselling.my,15,42:42.0,Health & Beauty,3,1,3,3,5,7.835333333,0.4
147909951,e1hv.sip.my,,12:54.0,Baby & Toys,3,0,2,2,4.333333333,,
143624205,timi.ou.my,99,09:21.0,Health & Beauty,1,0,1,1,5,881.4686667,41.86666667
140109026,hezewei.my,,35:05.0,Baby & Toys,,,,,,,
133676845,tumakou.my,,11:53.0,Health & Beauty,,,,,,,
134800509,travelightm1.my,93,07:01.0,Baby & Toys,9,2,9,8,4.888888889,4.134666667,0.333333333
132815767,234771297.my,59,13:33.0,Baby & Toys,5,1,4,4,4.4,5.239333333,0.266666667
151298395,yulukai.my,,32:44.0,Baby & Toys,1,1,1,1,5,,
141975140,caozhipeng112.my,100,15:05.0,Baby & Toys,2,0,2,2,5,,
136008428,catzou.my,97,53:47.0,Baby & Toys,,,,,,,
137482568,zblzdjs.my,23,48:53.0,Health & Beauty,1,0,1,1,5,8.733333333,0.2
133258563,shadowtara.my,97,38:06.0,Baby & Toys,,,,,,0.84,0.066666667
140974276,welcome_store.my,,12:48.0,Baby & Toys,8,1,7,5,4.375,,
142123524,duomall.my,100,03:22.0,Health & Beauty,,,,,,,
151321008,ouyou.my.my,97,19:04.0,Health & Beauty,30,4,29,24,4.766666667,93.314,9.4
148216350,jiuyao20190518.my,100,05:56.0,Health & Beauty,,,,,,,
151299475,zjjrltd.my,,38:59.0,Baby & Toys,,,,,,,
133242571,garap02.my,,02:14.0,Baby & Toys,,,,,,,
141013809,yc201901.my,94,32:25.0,Baby & Toys,467,133,454,448,4.920770878,341.872,21.2
133292052,lohay07.my,100,31:18.0,Baby & Toys,,,,,,3.306666667,0.066666667
134755254,james3320114.my,66,39:21.0,Baby & Toys,,,,,,24.85333333,0.333333333
145123960,crossocean.my,,16:43.0,Health & Beauty,,,,,,,
130082739,wavestreet.my,,30:51.0,Health & Beauty,3,2,3,3,5,,
133303774,puay09.my,,26:05.0,Baby & Toys,,,,,,,
145469250,haoxuntong.my,99,40:08.0,Health & Beauty,206,70,198,187,4.844660194,31.6,1.533333333
138963692,yuanshengwenhua.my,,21:17.0,Baby & Toys,,,,,,15.6,0.333333333
133107568,hahahi0.my,,15:12.0,Baby & Toys,,,,,,,
133240970,aiyaortho.my,99,50:41.0,Health & Beauty,3,3,3,3,5,246.9466667,9.733333333
146825283,ap9h.sip.my,100,42:31.0,Baby & Toys,3,1,3,3,5,,
137174243,jytaiji.my,86,28:51.0,Health & Beauty,1,0,1,1,5,56.608,2
141739806,ifacestore.my,,56:04.0,Health & Beauty,,,,,,,
133530852,etsv01.my,,47:50.0,Baby & Toys,,,,,,,
140871022,mr.tea_.my,99,22:50.0,Health & Beauty,82,20,81,80,4.963414634,47.688,5.933333333
147129172,v1stephanie.my,93,14:32.0,Baby & Toys,16,3,16,14,4.875,46.172,1.866666667
134801683,shinygirl.my,100,12:13.0,Health & Beauty,3,1,3,3,5,1.886,0.066666667
149455429,phezen.my,92,04:55.0,Health & Beauty,8,1,8,8,5,5.826666667,0.533333333
138586291,lbaby.my,,46:18.0,Baby & Toys,,,,,,,
148530664,xiezi9142.my,95,56:10.0,Baby & Toys,2,1,2,2,5,22.23,0.333333333
145971411,whsdtsm.my,100,23:49.0,Baby & Toys,1,1,1,1,5,20.76533333,0.733333333
134584800,hmlk.my,96,12:09.0,Baby & Toys,79,13,75,71,4.848101266,259.5253333,17.4
136068334,2019shopee.my,96,15:45.0,Baby & Toys,,,,,,,
131361827,elemall.my,,33:00.0,Health & Beauty,,,,,,,
137906813,jhpjdi.my,100,42:19.0,Health & Beauty,,,,,,,
146093528,vmi.my,,40:37.0,Health & Beauty,,,,,,,
140944415,superspider1.my,99,36:16.0,Health & Beauty,519,140,511,470,4.884393064,550.2753333,125.7333333
139677027,kidsfashionhome.my,34,06:18.0,Baby & Toys,21,4,21,20,4.952380952,117.5433333,6.4
140928735,beryl2019.my,55,06:40.0,Health & Beauty,5,2,5,5,5,3.331333333,0.066666667
137865790,nighthome.my,0,30:21.0,Baby & Toys,11,3,11,9,4.818181818,33.77333333,1.266666667
151585802,qilushangmao.my,,57:04.0,Health & Beauty,,,,,,,
139414516,arcticwolfhightech.my,62,01:39.0,Baby & Toys,12,3,12,12,5,37.13266667,0.2
134936263,newbra003.my,98,32:20.0,Baby & Toys,130,16,127,122,4.907692308,17.96666667,5.533333333
140512205,teamanenxi_taiwan.my,,25:34.0,Groceries & Pets,2,1,2,2,5,,
139392515,ttkababy.my,99,05:49.0,Baby & Toys,19,4,19,19,5,252.3953333,11.73333333
151299110,ynt19.my,22,36:58.0,Baby & Toys,1,0,1,1,5,13.526,0.466666667
145955735,13699791303.my,,07:15.0,Health & Beauty,,,,,,,
146913139,xiaotuwl1.my,,26:15.0,Health & Beauty,,,,,,,
140521166,wedopr_taiwan.my,,16:38.0,Groceries & Pets,,,,,,,
141589944,jewelrybox.my,64,44:27.0,Baby & Toys,50,8,50,49,4.98,6.132666667,0.866666667
151863108,qoo999927_taiwan.my,,21:40.0,Groceries & Pets,7,1,7,7,5,,
140734941,cindyyu2019.my,100,31:18.0,Baby & Toys,12,1,10,8,4.5,6.157333333,0.8
143999444,oceanshopping.my,,45:58.0,Baby & Toys,,,,,,,
136625617,backgobaby.my,,43:44.0,Baby & Toys,,,,,,,
146024265,heyouj2.my,,36:06.0,Baby & Toys,,,,,,,
149292683,mfnghd.my,80,18:11.0,Baby & Toys,,,,,,18,0.2
147440934,snail_crawls.my,56,34:15.0,Baby & Toys,1,0,1,1,5,4.250666667,0.2
134748747,yaohuishop.my,91,09:45.0,Baby & Toys,,,,,,14.59666667,0.533333333
134789571,shopeevipm1.my,29,17:05.0,Health & Beauty,,,,,,2.336666667,0.6
132715238,ahagt05.my,0,21:50.0,Health & Beauty,,,,,,,
133887357,zongsenshop.my,76,18:40.0,Baby & Toys,,,,,,27.40133333,0.866666667
151589955,candy_shop0429_taiwan.my,,13:46.0,Groceries & Pets,12,3,11,11,4.833333333,,
145794034,chenzhixin666.my,,10:01.0,Health & Beauty,2,0,2,2,5,,
130152066,lsshanshan.my,97,00:51.0,Baby & Toys,9,2,8,8,4.777777778,14.26666667,0.2
133270314,zhengqingyinshopee.my,,39:48.0,Health & Beauty,1,0,1,1,5,,
130094443,ergongda2.my,100,36:47.0,Baby & Toys,,,,,,,
142017303,yuyida.xp.my,26,43:28.0,Baby & Toys,17,4,16,15,4.823529412,10.54,0.6
138149078,littlekidsking.my,51,13:36.0,Baby & Toys,43,6,41,38,4.837209302,,
132715783,ahagt07.my,0,23:59.0,Baby & Toys,,,,,,1.4,0.133333333
151850843,amazingdl.my,100,31:26.0,Baby & Toys,1,0,1,0,4,8.24,0.066666667
145423907,lhc.my,,37:43.0,Health & Beauty,,,,,,,
134077414,mynailsalon.my,98,54:12.0,Health & Beauty,111,22,111,108,4.972972973,1675.357333,687.8
141697386,energybrush.my,100,57:45.0,Health & Beauty,,,,,,20.028,0.4
147647642,chinaliyu.my,,01:23.0,Baby & Toys,,,,,,,
149272849,pudaierofficial.my,97,18:53.0,Health & Beauty,3022,641,2893,2777,4.861681006,208.1213333,61.2
145417660,berchirly.my,,01:26.0,Baby & Toys,,,,,,,
145153234,shasha0306.my,95,05:11.0,Baby & Toys,50,10,49,49,4.96,24.154,1.333333333
151352973,momo_maomaoshop.my,96,33:17.0,Health & Beauty,8,2,8,8,5,384.238,7.6
139569536,hinstartechnology.my,,04:42.0,Baby & Toys,,,,,,,
145817122,shawncg.my,,46:56.0,Baby & Toys,,,,,,,
148223666,xmjsfs.my,11,40:22.0,Health & Beauty,19,6,15,15,4.526315789,41.524,1.466666667
132093417,tom_xiao.my,,41:11.0,Health & Beauty,2,1,2,2,5,,
139467716,v.young.my,95,49:21.0,Baby & Toys,42,13,36,34,4.619047619,205.37,3.266666667
146978365,babykanak.my,,14:55.0,Baby & Toys,95,14,89,85,4.821052632,7.2,0.2
139052223,lemon93xh.my,,46:27.0,Health & Beauty,,,,,,,
134784407,yoomall.my,76,54:18.0,Health & Beauty,12,3,12,10,4.833333333,20.55466667,3.066666667
140850857,nicemeet2019.my,92,37:16.0,Health & Beauty,33,7,31,31,4.848484848,4.431333333,1.333333333
145542725,changego4964.my,98,29:46.0,Baby & Toys,15,3,14,13,4.733333333,96.67333333,2.2
145294997,fengjs323.my,92,51:44.0,Baby & Toys,121,26,115,113,4.876033058,21.12933333,0.733333333
149475768,xianze00.my,90,32:50.0,Baby & Toys,21,4,20,19,4.80952381,26.93333333,0.733333333
143146807,sunmax88_taiwan.my,,04:57.0,Health & Beauty,1,0,1,1,5,,
134176077,eileengrace001_taiwan.my,100,57:32.0,Health & Beauty,,,,,,4.475333333,0.066666667
137918340,jinmao2018.my,,58:55.0,Health & Beauty,2,2,2,2,5,,
148880033,naughtyangelhouse.my,,26:18.0,Baby & Toys,1,0,1,1,5,,
132352763,kuantin.my,,51:54.0,Health & Beauty,,,,,,,
147646879,dau.my,100,57:59.0,Baby & Toys,6,1,6,5,4.833333333,7.136666667,0.333333333
136135515,zepgo.my,100,10:21.0,Baby & Toys,2,1,2,2,5,72.86,7.933333333
151874608,futangzz.my,98,06:36.0,Baby & Toys,30,6,26,25,4.633333333,78.25866667,2.666666667
145975346,peakgao.my,,40:03.0,Baby & Toys,,,,,,,
132863182,wzmdxl.my,100,09:46.0,Health & Beauty,,,,,,39.00533333,8.6
136688454,daceyfa.my.my,87,41:20.0,Health & Beauty,4,2,2,2,3.75,28.866,0.8
140528942,huahai9.my,88,47:00.0,Baby & Toys,,,,,,11.75466667,0.133333333
142772272,micromaker.my,,05:46.0,Health & Beauty,,,,,,,
133264691,fenghonghn.my,,09:41.0,Baby & Toys,,,,,,,
133259879,susanamantilla.my,97,44:55.0,Health & Beauty,18,5,16,17,4.777777778,116.2746667,1.533333333
134718725,b1a4.my,97,24:42.0,Health & Beauty,58,10,56,53,4.862068966,70.65333333,12.6
151876152,easyfol.my,32,12:36.0,Baby & Toys,7,0,7,7,5,8.526666667,0.466666667
134185198,wwadwad.my,75,42:12.0,Baby & Toys,,,,,,1.466666667,0.066666667
145957458,toyard.my,83,17:37.0,Baby & Toys,,,,,,11.06,0.2
145977950,soniu.my,94,50:33.0,Health & Beauty,8,2,8,7,4.875,71.04266667,2.266666667
133792719,good_shenz.my,,54:16.0,Baby & Toys,,,,,,,
131857739,ontheway.my,97,18:01.0,Health & Beauty,98,21,94,93,4.887755102,155.0333333,28.8
130061355,cdm666.my,,07:55.0,Baby & Toys,7,1,5,4,4.142857143,,
147491592,ongasoft1.my,,09:07.0,Baby & Toys,2,0,2,0,4,,
137488235,rzrcjxsb.my,96,15:59.0,Baby & Toys,551,128,535,519,4.90199637,52.87866667,0.8
145338165,bigbigoneone.my,,48:07.0,Groceries & Pets,,,,,,,
146193078,gw8299237.my,,53:48.0,Baby & Toys,,,,,,,
134531384,pinyun777.my,,58:48.0,Health & Beauty,,,,,,,
130095741,buymorem2.my,98,42:45.0,Health & Beauty,65,6,52,54,4.523076923,24.42533333,3.866666667
135254490,yeyoang.my,,56:05.0,Baby & Toys,,,,,,,
133338590,tebaf03.my,,16:05.0,Baby & Toys,,,,,,,
140506047,echoivychen.my,,44:57.0,Baby & Toys,,,,,,,
151157686,jerrych83.my,99,43:42.0,Baby & Toys,240,39,233,227,4.9,293.28,14.8
139242352,notonly.my,96,56:37.0,Baby & Toys,,,,,,77.48733333,4.4
151982569,colmo1.my,95,38:06.0,Baby & Toys,376,78,366,345,4.880319149,19.146,2.733333333
132087506,jackylee1123.my,,03:42.0,Baby & Toys,,,,,,,
147903193,o0eg.sip.my,25,42:02.0,Baby & Toys,,,,,,,
133530793,toppetshop.my,0,47:32.0,Groceries & Pets,,,,,,,
141672457,beauty2go.my,,01:04.0,Baby & Toys,,,,,,,
130126586,gina_rich.my,35,05:04.0,Baby & Toys,4,2,4,4,5,1.780666667,0.133333333
145544223,changego4962.my,97,36:16.0,Health & Beauty,3,1,1,2,3.666666667,29.73333333,0.533333333
137926934,shijihua.my,16,42:24.0,Groceries & Pets,,,,,,6.266666667,0.2
134846523,liuxiaoxiaotoy.my,42,58:01.0,Baby & Toys,15,3,15,13,4.866666667,9.333333333,0.133333333
139362737,jerryandireya.my,,54:12.0,Baby & Toys,52,6,43,42,4.557692308,,
134723255,perlinta.my,100,56:54.0,Baby & Toys,2,1,1,1,4,6.538666667,0.266666667
131435971,hothandsome.my,82,42:00.0,Baby & Toys,4,0,4,4,5,,
131495684,lomag04.my,,46:45.0,Health & Beauty,,,,,,,
141072146,fyhzwuyuan.my,,47:12.0,Baby & Toys,,,,,,6.066666667,0.066666667
139489284,cddyjc.my,100,53:33.0,Baby & Toys,1,0,1,1,5,2.866666667,0.066666667
140362279,mgnfhfb.my,,27:25.0,Health & Beauty,,,,,,,
145156256,hengsheng1.my,81,22:38.0,Baby & Toys,,,,,,,
145947178,jtx1683.my,24,02:27.0,Health & Beauty,,,,,,,
132094692,wenorlind.my,100,48:15.0,Health & Beauty,11,2,9,7,4.363636364,0.936,0.066666667
133248873,geta.my,92,43:18.0,Baby & Toys,21,3,20,19,4.857142857,81.624,9.466666667
134789527,shipsoon.my,66,16:53.0,Baby & Toys,23,4,19,19,4.608695652,0.573333333,0.066666667
140924803,4paw.my,65,39:32.0,Groceries & Pets,57,20,54,53,4.859649123,164.0133333,15.8
137641563,kuluoluo.my,19,15:03.0,Baby & Toys,39,9,36,36,4.820512821,6.326666667,0.2
148808959,w5u3.sip.my,,50:23.0,Baby & Toys,,,,,,6.988666667,0.2
141281967,greatmade.my,66,13:04.0,Health & Beauty,7,2,7,7,5,30.936,1
151862584,ganovo.my,,19:48.0,Health & Beauty,6,1,2,4,3.666666667,,
131422860,nikimp2823.my,,51:50.0,Baby & Toys,,,,,,,
139395718,dxsm.my,100,22:29.0,Health & Beauty,1,1,1,1,5,9.533333333,0.333333333
133254148,1v1.my,95,14:15.0,Baby & Toys,135,18,134,133,4.977777778,424.9786667,27.46666667
134693278,szzl.my,10,56:44.0,Health & Beauty,4,0,4,4,5,,
145351211,quanmeishi.my,100,37:34.0,Health & Beauty,1,0,1,1,5,,
137712502,cbao.my,20,25:39.0,Baby & Toys,1,0,1,1,5,1.042666667,0.266666667
147389493,blublu007.my,,09:16.0,Baby & Toys,,,,,,,
134418355,fivh2019.my,82,11:01.0,Groceries & Pets,1,0,1,1,5,,
148168701,tiger.k.my,,05:27.0,Baby & Toys,2,0,2,2,5,,
133256983,aike666_taiwan.my,100,30:08.0,Groceries & Pets,3,0,3,3,5,,
147372815,gingerain.my,,52:48.0,Groceries & Pets,,,,,,,
132430778,nahhy06.my,,32:13.0,Health & Beauty,,,,,,,
149554868,quxi2019.my,94,48:32.0,Baby & Toys,11,3,11,11,5,15.312,0.6
142619709,disiying.my,54,06:43.0,Health & Beauty,23,4,19,20,4.652173913,27.54066667,0.533333333
139241383,jiaguo12813.my,,51:58.0,Health & Beauty,3,2,3,2,4.666666667,,
132896216,linpee.my,96,38:49.0,Health & Beauty,2,2,2,2,5,649.9566667,20
142057056,spacemall.my,99,18:54.0,Baby & Toys,22,3,19,19,4.681818182,57.19,3.2
149986232,keepyourself.my,99,18:45.0,Baby & Toys,537,84,492,461,4.744878957,89.98733333,14.13333333
133257751,momus2003_taiwan.my,,34:05.0,Health & Beauty,,,,,,,
142710501,ruifglasb.my,,31:37.0,Baby & Toys,,,,,,,
149135156,chennuannuan.my,,19:54.0,Baby & Toys,,,,,,2.4,0.133333333
140509204,tianhuiliyang.my,,06:17.0,Baby & Toys,4,0,4,4,5,,
130890752,zhengge.my,0,37:18.0,Baby & Toys,,,,,,,
135044281,innlike.my,94,53:12.0,Baby & Toys,19,1,12,13,4.105263158,62.41866667,5.533333333
134800316,toymallm1.my,53,06:06.0,Baby & Toys,3,1,2,2,4.333333333,,
133499599,zayona06.my,,12:45.0,Baby & Toys,,,,,,,
151334960,clqian2015.my,,17:42.0,Health & Beauty,2,1,2,2,5,,
133498511,kingkung.tw_taiwan.my,,07:47.0,Groceries & Pets,1,0,1,1,5,,
135434470,vip2972.my,99,25:34.0,Health & Beauty,60,8,50,49,4.616666667,205.944,9.866666667
139221784,ruiguzi.my,100,15:00.0,Baby & Toys,,,,,,12.07666667,0.466666667
130095817,joommart.my,92,43:11.0,Health & Beauty,61,8,55,53,4.737704918,51.90666667,9.133333333
139173161,ml945ml.my,96,41:45.0,Baby & Toys,1,0,1,1,5,10.75,0.266666667
140337832,loveduomi.my,100,24:02.0,Baby & Toys,36,7,34,33,4.833333333,,
140486610,mayiyahi.my,,44:46.0,Baby & Toys,1,0,1,1,5,0.268,0.066666667
140402439,yjx540083179.my,98,54:13.0,Baby & Toys,20,3,19,18,4.85,51.38,0.8
134788672,random.my,100,13:16.0,Groceries & Pets,6,0,4,4,4.166666667,,
151077093,amgbug.my,97,13:23.0,Baby & Toys,,,,,,15.06666667,0.133333333
136361485,qy1995.my,,30:24.0,Baby & Toys,,,,,,,
151880868,pinkmans.my,95,29:49.0,Baby & Toys,192,56,186,185,4.916666667,312.2173333,16.4
142019352,perfect2019.my,96,54:26.0,Baby & Toys,201,27,200,187,4.925373134,5409.384,496.6
143809945,away.my,,29:59.0,Health & Beauty,,,,,,1.4,1.4
133351359,wolah04.my,,21:56.0,Health & Beauty,,,,,,,
140943847,proaromic.my,,33:38.0,Health & Beauty,,,,,,,
147711659,zhengninghao.my,,22:23.0,Health & Beauty,1,1,1,1,5,,
149259336,mfngj.my,61,40:01.0,Baby & Toys,11,5,11,10,4.909090909,2.8,0.066666667
139219807,surytatrade.my,100,04:16.0,Baby & Toys,20,3,14,14,4.3,,
151063784,haohaia.my,,16:39.0,Baby & Toys,,,,,,1.256666667,0.066666667
139187094,myfriend.my,99,08:53.0,Baby & Toys,28,5,27,20,4.678571429,39.08,2.6
145779545,cxj305.my,100,15:18.0,Baby & Toys,1,0,1,1,5,,
151560492,ziniaodianzi.my,98,07:26.0,Health & Beauty,16,7,15,15,4.8125,19.98866667,0.466666667
135794621,xiaoduan.my,16,15:04.0,Baby & Toys,2,0,2,2,5,,
133655279,nuoduo123.my,100,15:19.0,Baby & Toys,2,0,2,2,5,,
138016289,4712.my,,08:55.0,Baby & Toys,,,,,,,
134800370,loveruse.my,86,06:20.0,Baby & Toys,1,0,1,1,5,11.60066667,1.733333333
145822209,auhdoo.my,,10:45.0,Groceries & Pets,8,0,7,7,4.75,2.096,0.133333333
147140774,jstxgcjx.my,,02:40.0,Baby & Toys,1,0,1,1,5,,
130096456,codstore.my,89,46:10.0,Health & Beauty,34,2,33,31,4.882352941,23.84133333,2.8
133498405,hktop.my,100,07:14.0,Health & Beauty,5,1,5,4,4.8,2.898666667,0.133333333
135843259,hamiic.my,84,04:46.0,Baby & Toys,,,,,,3.993333333,0.066666667
138314699,flashbaby.my,98,20:47.0,Baby & Toys,16,2,11,12,4.25,0.56,0.133333333
134809643,alotoforders.my,94,49:24.0,Baby & Toys,1,0,1,1,5,78.31,24.93333333
142716342,nbpq.my,100,50:06.0,Baby & Toys,18,11,18,17,4.944444444,6.066,0.4
148683982,hfsupplier.my,,39:38.0,Groceries & Pets,,,,,,,
131379060,showchen524.my,16,53:11.0,Baby & Toys,,,,,,,
143401993,donglinglipstick.my,,08:29.0,Health & Beauty,,,,,,,
139175594,balanarstore.my,,58:40.0,Health & Beauty,70,10,68,66,4.9,48.34533333,3.266666667
131740139,mensbasketballshoes.my,85,23:04.0,Health & Beauty,,,,,,5.684666667,0.066666667
134788254,panduolam1.my,100,11:30.0,Groceries & Pets,10,1,10,9,4.9,1.992,0.133333333
140388256,baoblaze2.my,94,39:44.0,Baby & Toys,11,1,10,10,4.818181818,94.18266667,5.066666667
135775969,hdstisen.my,100,27:31.0,Baby & Toys,97,14,94,84,4.824742268,26.62933333,0.466666667
133241170,babyofsun.my,54,52:07.0,Baby & Toys,53,11,48,48,4.754716981,342.9653333,12.13333333
151311336,lklm228.my,,37:26.0,Health & Beauty,,,,,,,
139564543,make_up_beautiful.my,100,33:09.0,Health & Beauty,56,11,43,47,4.517857143,25.61866667,4
148096626,barryma801.my,,07:26.0,Baby & Toys,,,,,,,
149572977,mabobaby.my,,05:53.0,Baby & Toys,20,2,18,18,4.75,3.722666667,0.066666667
142826402,fashionlife188.my,,46:05.0,Baby & Toys,2,1,2,2,5,,
141880751,pppudding.my,9,13:55.0,Baby & Toys,2,0,2,2,5,,
143554845,mkingtoys.my,100,26:59.0,Baby & Toys,1,1,1,1,5,,
131133994,sben.my,99,00:04.0,Health & Beauty,231,32,209,207,4.770562771,57.722,9.8
135067380,abcdynamic.my,95,00:03.0,Baby & Toys,5,1,5,5,5,79.034,4
134808944,blackeve.my,98,46:17.0,Groceries & Pets,4,1,4,4,5,137.7226667,15.13333333
131499117,littlegarden.my,42,00:28.0,Baby & Toys,16,1,15,15,4.8125,33.14533333,1.933333333
137367534,1stmarket.my,,37:51.0,Health & Beauty,3,0,3,2,4.666666667,,
131191898,woxxb03.my,,47:30.0,Health & Beauty,,,,,,,
147111472,bumianyemao.my,0,54:32.0,Baby & Toys,5,0,5,5,5,,
148902810,jiamiantian.my,100,48:59.0,Baby & Toys,,,,,,11.53333333,0.266666667
151887215,tracymic.my,12,51:50.0,Baby & Toys,37,17,32,27,4.540540541,115.074,5.4
139601864,demonlick.my,0,07:58.0,Health & Beauty,356,95,315,303,4.688202247,,
148257164,zhufushuo.my,,44:53.0,Health & Beauty,,,,,,0.84,0.133333333
151856857,kunyuhaochuang.my,100,56:56.0,Baby & Toys,7,3,7,6,4.857142857,13.46666667,0.133333333
140422216,xiehushu83.my,93,40:29.0,Baby & Toys,74,21,72,70,4.918918919,69.59533333,3.333333333
130164833,bvbincavidou.my,,57:42.0,Health & Beauty,,,,,,,
135131874,redappletaotao.my,96,29:58.0,Baby & Toys,53,8,53,51,4.962264151,103.3086667,3.8
142338611,holdlivebeauty.my,73,08:40.0,Health & Beauty,,,,,,,
145170003,rootelly.my,98,27:31.0,Health & Beauty,18,4,18,17,4.944444444,168.9393333,2.133333333
130124130,litchi.my.my,,53:25.0,Health & Beauty,,,,,,,
134515529,vonderbest.my,,31:58.0,Baby & Toys,,,,,,,
144641744,wxg.my,,46:53.0,Health & Beauty,16,2,15,12,4.6875,,
140414600,llovebuy.my,100,00:36.0,Health & Beauty,73,11,73,71,4.97260274,21.74266667,5.2
134804900,jjf.my,100,27:20.0,Health & Beauty,11,0,10,9,4.727272727,4.223333333,0.2
147511941,eeaivnm.my,42,51:18.0,Baby & Toys,51,17,49,49,4.901960784,691.6406667,52.33333333
143369350,overthinker666.my,98,32:54.0,Health & Beauty,159,28,155,141,4.823899371,272.3273333,33.6
141591138,sweetcreature.my,100,50:35.0,Baby & Toys,118,24,90,84,4.372881356,1.786666667,0.4
143672958,yuefanvilin.my,,54:50.0,Health & Beauty,64,22,55,53,4.640625,,
133251137,sharonma_taiwan.my,,56:54.0,Baby & Toys,2,0,2,2,5,,
141014143,biuty.my,100,34:13.0,Baby & Toys,,,,,,1.390666667,0.066666667
139028664,csx091266.my,100,57:08.0,Baby & Toys,1,0,1,1,5,,
132805879,freetwins.my,0,09:35.0,Baby & Toys,3,1,3,2,4.666666667,,
151879709,softbu.my,2,25:34.0,Baby & Toys,27,4,26,22,4.777777778,6.791333333,0.466666667
133660687,fingoshop.my,97,46:46.0,Health & Beauty,10,3,10,9,4.9,7.686666667,0.466666667
132927220,qayot08.my,,08:35.0,Health & Beauty,,,,,,,
135836696,idepet.my,40,34:24.0,Groceries & Pets,,,,,,4.663333333,0.4
131348698,u1factory.my,,20:13.0,Baby & Toys,15,1,15,15,5,,
136601819,shieh7.my,100,46:28.0,Baby & Toys,41,3,37,37,4.756097561,33.926,1.066666667
147504797,moonwomen.my,81,18:51.0,Baby & Toys,40,8,39,38,4.925,156.4133333,2.933333333
150595522,zhuocheng001.my,,32:39.0,Baby & Toys,,,,,,,
131687125,xiaotutubaby.my,46,39:55.0,Groceries & Pets,,,,,,1.649333333,0.066666667
134294490,mokeru.my,94,55:11.0,Health & Beauty,11,1,11,11,5,0.860666667,0.133333333
134520182,jishenmy.my,100,58:42.0,Baby & Toys,5,0,5,5,5,33.92,1.333333333
152152160,getamoda.my,100,31:30.0,Health & Beauty,,,,,,,
152157132,hebaoao.my,97,58:31.0,Baby & Toys,4,0,4,3,4.75,,
136252918,tqstore001.my,80,04:13.0,Baby & Toys,11,1,11,11,5,5.276666667,0.333333333
139179146,wanlanjue.my,98,21:27.0,Health & Beauty,58,11,57,55,4.913793103,30.42066667,8.733333333
145900386,mattneko.my,97,40:39.0,Baby & Toys,3,1,3,3,5,,
134809726,channelly.my,64,49:44.0,Baby & Toys,41,10,36,37,4.756097561,136.956,13.6
130311718,jblite.my,,12:10.0,Baby & Toys,1,0,1,1,5,,
133242181,garap00.my,100,59:22.0,Baby & Toys,,,,,,9.305333333,0.066666667
151855124,tianshunga.my,,50:11.0,Baby & Toys,,,,,,,
149138163,berngi.my,95,33:25.0,Baby & Toys,19,1,18,18,4.894736842,32.03466667,1.733333333
145429541,chenchen20100828.my,95,05:15.0,Baby & Toys,,,,,,,
133243694,aiernaweiyu.my,99,09:53.0,Health & Beauty,1,0,1,1,5,28.73733333,8
131350345,beibeigu1.my,,30:35.0,Baby & Toys,,,,,,,
131107694,chichuntrade.my,,14:08.0,Baby & Toys,2,0,1,1,3.5,,
145430438,jlbeaut.my,,09:06.0,Health & Beauty,,,,,,,
151878634,fori.my,,21:34.0,Health & Beauty,,,,,,,
139398990,xinderli.my,,38:59.0,Baby & Toys,48,20,45,44,4.833333333,,
151563335,mingzhefeng.my,99,21:12.0,Health & Beauty,30,5,26,25,4.666666667,,
151589224,billy03_.my,99,10:37.0,Health & Beauty,19,12,19,19,5,53.73133333,15.33333333
147378224,avigour.my,93,18:43.0,Health & Beauty,92,22,83,78,4.739130435,362.2873333,29.33333333
140146776,simson2.my,99,08:32.0,Health & Beauty,2,0,2,1,4.5,2286.84,21
135852502,sun2018520.my,98,46:58.0,Health & Beauty,6,0,3,3,3.333333333,261.1293333,8.2
139630785,woman_clothing.my,16,40:20.0,Baby & Toys,16,3,15,15,4.8125,,
131135833,penglei1996.my,100,07:11.0,Health & Beauty,,,,,,1.450666667,0.133333333
150023122,zhouquanchun.my,,14:17.0,Baby & Toys,,,,,,,
131735449,pinksun001.my,,03:28.0,Health & Beauty,,,,,,,
138849198,vikulya.my,,20:40.0,Baby & Toys,7,1,7,7,5,2.377333333,0.133333333
148946666,ziyao2.my,87,01:05.0,Baby & Toys,7,1,7,6,4.857142857,267.4346667,12.2
150138278,lizhitoy.my,93,53:46.0,Baby & Toys,23,3,23,23,5,47.89866667,3.333333333
136245545,aomeng.my,100,20:31.0,Baby & Toys,,,,,,,
149578133,kaisheng1.my,100,29:03.0,Health & Beauty,,,,,,,
142395893,zysz.my,,56:05.0,Health & Beauty,,,,,,,
130968602,longcentral.my,,37:08.0,Health & Beauty,,,,,,,
134788142,dotaport.my,99,10:58.0,Health & Beauty,2,0,2,2,5,34.52666667,1.8
131853873,shenghuofangshi.my,,56:37.0,Health & Beauty,,,,,,,
145029837,superladyly.my,99,21:20.0,Health & Beauty,8,4,8,8,5,170.3186667,0.533333333
130900271,waydlsina.my,,14:48.0,Baby & Toys,2,0,2,2,5,,
145074030,jjyp.my,100,46:01.0,Baby & Toys,,,,,,,
133940938,betterinamall.my,98,19:12.0,Health & Beauty,104,24,97,95,4.836538462,217.6333333,10.2
134809554,goldclock.my,96,48:56.0,Health & Beauty,,,,,,3.273333333,0.333333333
140926436,goodday9898.my,100,51:05.0,Baby & Toys,,,,,,17.93333333,0.066666667
147279276,beautifful_forevers.my,100,30:19.0,Baby & Toys,1,1,1,1,5,,
137799405,elecmall99.my,,20:39.0,Health & Beauty,3,0,3,3,5,,
133333732,2019lucia.my,,51:30.0,Health & Beauty,,,,,,,
141915600,anno.my,85,16:33.0,Health & Beauty,18,3,17,15,4.722222222,165.6453333,2.666666667
130105986,aglaia_hh.my,,30:19.0,Baby & Toys,,,,,,,
152162844,roshenghaiying.my,100,26:06.0,Baby & Toys,2,1,2,2,5,,
151653412,umiskam.my,,58:37.0,Health & Beauty,,,,,,,
149704608,nbwison.my,41,10:21.0,Baby & Toys,2,0,2,2,5,18.37266667,0.533333333
139560241,aichenhuang.my,31,04:02.0,Baby & Toys,7,0,5,6,4.428571429,10.432,0.266666667
143963869,citydiaryyu.my,62,55:12.0,Health & Beauty,5,1,5,5,5,3.253333333,0.066666667
136492219,miffibaby_taiwan.my,100,51:43.0,Baby & Toys,,,,,,,
137368856,beautyqueen.my,,43:51.0,Health & Beauty,,,,,,,
132814746,penseefour.my,100,07:33.0,Baby & Toys,186,24,175,172,4.838709677,31.18733333,2.333333333
140412440,heartywm.my,65,48:45.0,Health & Beauty,51,8,44,45,4.647058824,19.60066667,5.333333333
134800338,ledmarket.my,97,06:14.0,Baby & Toys,4,1,0,2,3,0.974666667,0.266666667
133044322,xuliveshop.my,,15:42.0,Health & Beauty,,,,,,,
134808792,springgreen.my,98,45:32.0,Health & Beauty,,,,,,0.2,0.2
130318825,bomboniere.my,,51:00.0,Baby & Toys,,,,,,,
142765405,petming.my,,39:13.0,Groceries & Pets,,,,,,,
143567203,cutechild.my,95,25:59.0,Baby & Toys,17,3,17,17,5,18.302,1.6
151883877,salmoph.my,0,40:22.0,Baby & Toys,72,17,70,67,4.888888889,11.17333333,0.333333333
146913424,xiaotuwl2.my,0,27:20.0,Baby & Toys,,,,,,5.266666667,0.066666667
147965465,sintra2950.my,85,34:27.0,Baby & Toys,8,1,8,7,4.875,8.431333333,0.466666667
149140306,wsw2019.my,99,43:00.0,Health & Beauty,9,3,9,9,5,79.95733333,3.466666667
137919705,baoboutique.my,,06:03.0,Baby & Toys,18,7,18,18,5,3.720666667,0.133333333
147391705,zhzs123.my,,18:49.0,Health & Beauty,,,,,,,
133536719,furejie.my,76,19:16.0,Baby & Toys,2,2,2,1,4.5,13.05,0.2
132819373,bossyangjie.my,,34:51.0,Health & Beauty,,,,,,,
143026994,qiye.my,99,27:37.0,Health & Beauty,11,4,11,11,5,102.5353333,20.33333333
147043510,chenxingqiang.my,,23:02.0,Health & Beauty,1,1,1,1,5,,
134185040,aasaazwq.my,100,41:30.0,Baby & Toys,1,1,-1,0,1,,
140191254,wwl_power.my,22,01:22.0,Health & Beauty,,,,,,,
142407311,yeardrunk.my,100,50:03.0,Health & Beauty,202,63,191,182,4.826732673,11.73666667,0.533333333
130090889,trendyu.my,99,18:56.0,Health & Beauty,13,2,13,13,5,18.02866667,1.866666667
132829223,fancybeauty.my,99,26:38.0,Health & Beauty,54,9,47,46,4.666666667,7.988666667,1.133333333
137322458,huangsenxin1.my,99,11:48.0,Health & Beauty,19,0,18,16,4.789473684,200.04,8.866666667
140371310,jpmon97418404_taiwan.my,100,13:00.0,Health & Beauty,2,1,2,1,4.5,,
134812292,bigdarkeyes.my,86,01:50.0,Health & Beauty,33,6,31,31,4.878787879,5.797333333,0.333333333
134811122,ruimeila.my,100,56:28.0,Health & Beauty,8,1,6,7,4.5,35.20066667,2.266666667
151883723,fighting1.my,100,39:52.0,Baby & Toys,3,0,3,3,5,2.977333333,0.2
134741582,jie901220.my,100,35:32.0,Baby & Toys,2,0,2,2,5,14.25933333,0.333333333
139016733,kuluo2018.my,60,01:27.0,Baby & Toys,6,0,6,6,5,7.884666667,0.533333333
133316658,ncla.os,,25:39.0,Health & Beauty,,,,,,,
138964963,jmtffern.my,,30:42.0,Baby & Toys,,,,,,,
134801393,sunfaym1.my,99,10:58.0,Baby & Toys,1,0,1,1,5,10.83266667,1.266666667
145953967,pinksky1210.my,,56:13.0,Baby & Toys,,,,,,,
132428841,nahhy00.my,100,24:09.0,Baby & Toys,,,,,,,
133555226,wholesaler.my,,58:42.0,Baby & Toys,21,5,18,17,4.619047619,,
147453325,kedaiwawa.my,,23:46.0,Health & Beauty,4,3,4,4,5,,
132242798,chamie2018.my,100,29:11.0,Baby & Toys,13,3,13,13,5,649.8526667,17.2
135849210,lin_sleen.my,,32:21.0,Baby & Toys,,,,,,,
140609113,ywdisha001.my,,18:24.0,Baby & Toys,1,0,1,1,5,,
139606689,xiangjiujiu.my,98,35:21.0,Health & Beauty,15,7,14,13,4.733333333,89.73333333,2.733333333
151852023,yizefushi.my,89,36:50.0,Health & Beauty,1,0,1,1,5,24.796,0.8
147807025,wowstore1905.my,,49:58.0,Baby & Toys,,,,,,,
145443594,bjsbridal.my,,03:34.0,Baby & Toys,,,,,,,
146452265,worldwildfashionstore.my,100,10:54.0,Health & Beauty,2,0,2,2,5,,
139193918,hoist.my,,46:09.0,Baby & Toys,,,,,,,
134179646,fantasiapetpro_taiwan.my,,15:29.0,Groceries & Pets,2,0,2,2,5,,
141005740,linlingda.my,,50:49.0,Health & Beauty,7,1,7,7,5,4.091333333,0.066666667
135044113,yystore1.my,96,52:11.0,Groceries & Pets,43,3,36,33,4.534883721,279.464,26.46666667
136074134,leogirl123.my,95,39:15.0,Health & Beauty,22,1,22,20,4.909090909,7.32,3.6
140619002,dynwave2.my,96,03:07.0,Health & Beauty,2,0,2,2,5,56.21466667,5.066666667
131370645,tlovey.my,,14:41.0,Health & Beauty,1,0,1,1,5,,
143703289,changju111.my,100,19:03.0,Baby & Toys,4,2,0,2,3,,
142164277,anrodtech.my,0,00:45.0,Health & Beauty,5,1,4,4,4.6,,
141991396,xinglongshoushi.my,,30:53.0,Health & Beauty,,,,,,,
151304169,aobotu.my,,03:48.0,Baby & Toys,22,5,20,20,4.818181818,,
151668013,wis.my,,47:17.0,Health & Beauty,,,,,,,
147896944,jiayimeizhuang.my,,08:13.0,Health & Beauty,8,1,8,8,5,0.746666667,0.133333333
147644556,scyf.my,,47:32.0,Health & Beauty,,,,,,,
134296881,jimmylin0317.my,,09:18.0,Baby & Toys,,,,,,,
142434363,bsssaxwzjxs.my,,06:26.0,Baby & Toys,,,,,,,
135015060,memway.my,42,20:09.0,Baby & Toys,1,0,1,1,5,22.94933333,2.6
148572786,chinatoy007.my,,33:46.0,Baby & Toys,67,8,51,52,4.432835821,21.93333333,0.666666667
138767372,xitangliyi.my,,34:20.0,Baby & Toys,,,,,,5.4,0.133333333
148259585,wushizhiying.my,,52:14.0,Health & Beauty,,,,,,,
143557465,aqua5.my,97,39:03.0,Baby & Toys,38,17,36,34,4.815789474,83.74133333,6.133333333
131100836,qingwushi.my,67,42:08.0,Health & Beauty,3,0,1,2,3.666666667,19.82933333,0.533333333
131204762,awoww05.my,,39:35.0,Health & Beauty,,,,,,,
134569490,ms.mx.my,95,00:32.0,Health & Beauty,6,1,6,6,5,0.133333333,0.133333333
134788159,costless.my,100,11:01.0,Groceries & Pets,1,0,1,1,5,2.26,0.466666667
145025584,petlead.my,100,00:14.0,Groceries & Pets,6,2,6,6,5,13.32733333,0.066666667
141787485,vancostar.my,,37:30.0,Health & Beauty,,,,,,,
151218261,swt_beautiful.my,,05:42.0,Health & Beauty,1,0,1,1,5,,
139573327,enweicare.my,,27:23.0,Health & Beauty,,,,,,,
134318229,chachag2019.my,100,01:49.0,Health & Beauty,,,,,,2.4,0.133333333
152173840,fanyan12.my,0,16:29.0,Baby & Toys,104,25,86,79,4.528846154,,
141002408,gpm0905.my,95,34:40.0,Health & Beauty,,,,,,1.726,0.066666667
135410981,dsx151.my,100,30:02.0,Baby & Toys,2,0,2,2,5,93.74733333,3.266666667
146037051,xingziwangxiaojie.my,,19:06.0,Baby & Toys,,,,,,,
141596947,maindear.my,,21:33.0,Baby & Toys,,,,,,,
141932227,gmart2019.my,100,54:11.0,Health & Beauty,,,,,,0.251333333,0.266666667
146003835,huihuangtong.my,61,24:40.0,Health & Beauty,50,17,48,43,4.8,210.1686667,17.13333333
139596304,springcity.my,,35:42.0,Baby & Toys,2,0,2,2,5,,
139684542,hexiloog.my,,45:45.0,Health & Beauty,,,,,,,
141738200,lovebaby55.my,97,48:37.0,Baby & Toys,8,1,7,7,4.75,107.9333333,3.133333333
145077589,fashionky.my,91,00:17.0,Baby & Toys,,,,,,,
144923063,landwind.my,,28:03.0,Health & Beauty,,,,,,,
137937799,sanqiao123.my,,31:48.0,Baby & Toys,,,,,,,
135426623,joannaqiuhy.my,,46:00.0,Baby & Toys,,,,,,,
134183268,xmnnajo2.my,100,33:10.0,Baby & Toys,,,,,,,
142321056,6dmall.my,,50:43.0,Baby & Toys,,,,,,,
152157619,ywer.my,100,00:57.0,Health & Beauty,13,0,11,10,4.538461538,20.256,0.733333333
151871820,yourfy.my,88,55:54.0,Baby & Toys,51,10,49,45,4.823529412,14.72,0.8
134788121,placeorder.my,100,10:52.0,Baby & Toys,,,,,,1.34,0.133333333
141129069,baby_mooree.my,,31:12.0,Baby & Toys,4,1,4,4,5,,
149495809,liangjin.my,100,51:50.0,Health & Beauty,15,5,13,12,4.6,388.736,6.866666667
140946108,mqatz.my,84,44:44.0,Baby & Toys,39,10,39,34,4.871794872,384.8153333,9.4
151922190,xbdyoys.my,3,57:00.0,Baby & Toys,9,3,9,8,4.888888889,,
134723089,wxn2019.my,100,55:46.0,Baby & Toys,13,3,13,13,5,20.94333333,1.133333333
151139059,uleba.my,100,23:26.0,Baby & Toys,22,4,21,20,4.863636364,18.74666667,1.8
140494311,ziyaoshop.my,100,58:28.0,Baby & Toys,19,4,11,12,3.421052632,,
139378294,hairbeautyworld.my,98,45:42.0,Health & Beauty,,,,,,174.0226667,2.866666667
151849098,leleveauty.my,100,23:33.0,Health & Beauty,24,8,24,24,5,86.65666667,3.2
149238344,kokolong.my,0,41:13.0,Health & Beauty,,,,,,,
151045163,miaoxiaosi.my,98,48:08.0,Groceries & Pets,33,10,26,22,4.393939394,60.07066667,6.533333333
131599273,snail_paced.my,60,15:49.0,Baby & Toys,,,,,,,
141141029,hugmelife.my,,40:18.0,Baby & Toys,1,0,1,1,5,,
143482623,ouyangguozhao.my,92,26:24.0,Baby & Toys,35,12,32,31,4.714285714,1.332,0.066666667
139189550,schyxj.my,80,23:17.0,Health & Beauty,2,0,2,2,5,3.266666667,0.066666667
134947120,jlelec.my,93,43:26.0,Baby & Toys,23,3,23,22,4.956521739,310.6673333,10.73333333
146041677,giftcatshop.my,95,34:51.0,Health & Beauty,5,1,5,5,5,3.32,0.133333333
142828905,zhixianga.my,,56:37.0,Health & Beauty,,,,,,,
140901915,kangliang9727.my,94,38:59.0,Health & Beauty,16,0,16,16,5,12.626,0.533333333
148262979,joyinc.my,99,03:14.0,Health & Beauty,45,9,42,40,4.822222222,69.85333333,38
133521611,sunywill.my,100,59:42.0,Health & Beauty,114,24,103,104,4.771929825,861.6786667,127.3333333
133026143,elanhui.my,,29:58.0,Health & Beauty,,,,,,,
130317960,anderson5240.my,,46:30.0,Health & Beauty,,,,,,,
151948448,grace1333.my,,29:27.0,Health & Beauty,,,,,,,
145291129,fashionweekend.my,23,30:41.0,Health & Beauty,6,1,5,5,4.666666667,1.117333333,0.133333333
151359267,chris007.my,99,59:54.0,Baby & Toys,27,6,26,23,4.814814815,914.994,52.4
136805056,wjy52101314.my,92,46:26.0,Health & Beauty,136,21,130,124,4.860294118,19.85933333,3.333333333
133509084,jujuba06.my,71,57:27.0,Health & Beauty,,,,,,0.383333333,0.333333333
142822450,dailynecessaries.my,94,30:17.0,Baby & Toys,,,,,,18.64933333,0.933333333
142846506,joy2buy.my,,10:26.0,Baby & Toys,,,,,,,
134180923,gufonliung_taiwan.my,,21:37.0,Health & Beauty,,,,,,,
151109328,oubardeofficialstore.my,,25:14.0,Baby & Toys,42,13,38,37,4.761904762,,
151955592,kidsmj.my,69,54:40.0,Baby & Toys,87,28,80,80,4.816091954,85.442,5
137316091,zaka.my,100,44:12.0,Baby & Toys,6,4,6,6,5,,
137928240,zyyi.my,25,48:12.0,Health & Beauty,,,,,,,
141116250,phoebebeauty.my,100,56:53.0,Health & Beauty,13,1,13,13,5,2.644,0.133333333
134298895,abbiezheng.my,,20:41.0,Baby & Toys,3,0,3,3,5,,
147642452,yearsa8.my,,37:38.0,Health & Beauty,,,,,,,
132093776,sandywu0769.my,,43:15.0,Baby & Toys,,,,,,,
135622576,shopsooo.my,,00:44.0,Health & Beauty,4,0,4,2,4.5,,
141119085,xiaoxiaoxiannv.my,,22:49.0,Health & Beauty,1,0,1,1,5,,
139543117,fashiontoystore.my,,40:59.0,Baby & Toys,,,,,,,
133449250,123455666.my,,44:48.0,Baby & Toys,,,,,,,
145534821,changego4973.my,100,55:04.0,Groceries & Pets,2,1,2,2,5,0.491333333,0.066666667
139026631,gcy1760594.my,0,48:15.0,Baby & Toys,,,,,,1.926666667,0.066666667
151433467,blink.my,93,35:28.0,Baby & Toys,31,6,28,24,4.64516129,,
135993642,lovelyhome001.my,99,10:32.0,Health & Beauty,19,5,16,17,4.684210526,108.924,24.33333333
145432338,duoxinjixie.my,100,17:27.0,Baby & Toys,7,1,7,7,5,16.36,0.4
143027369,qiyebest.my,100,29:21.0,Health & Beauty,,,,,,16.03933333,2.6
131115443,uniquecherish.my,91,46:57.0,Baby & Toys,31,8,28,27,4.774193548,165.502,2.866666667
148026846,youpingo.my,100,06:44.0,Groceries & Pets,,,,,,,
141924556,liaoyue0426.my,87,12:57.0,Health & Beauty,1,1,1,1,5,5.223333333,0.266666667
136251458,biomacia.my,94,56:01.0,Health & Beauty,16,3,15,14,4.8125,129.22,2.2
139185910,lhy657074215.my,,01:57.0,Baby & Toys,,,,,,,
137423288,74712ly.my,100,43:00.0,Health & Beauty,32,10,24,23,4.34375,174.3333333,4.133333333
132166412,shoesnile888.my,100,53:43.0,Health & Beauty,69,9,55,58,4.536231884,,
148892908,taotao88.my,93,11:34.0,Baby & Toys,319,77,306,282,4.827586207,80.132,3.6
140111572,jixishi.my,,51:09.0,Baby & Toys,,,,,,,
146039550,kuanglimin.my,,27:33.0,Baby & Toys,,,,,,,
148838198,bvj2019.my,,54:48.0,Health & Beauty,,,,,,,
151078806,756459561.my,100,20:34.0,Baby & Toys,3,1,1,2,3.666666667,3.973333333,0.266666667
130888055,yyuanshop.my,0,26:30.0,Baby & Toys,,,,,,,
150306157,shuhwa66_taiwan.my,,01:36.0,Groceries & Pets,9,0,9,9,5,,
137290654,woyoo8.my,65,50:27.0,Baby & Toys,1,0,1,1,5,,
130096419,walmarsp.my,98,45:59.0,Baby & Toys,12,2,12,10,4.833333333,89.51133333,9.4
141042896,stellaqy.my,0,17:46.0,Health & Beauty,30,10,30,30,5,1.366666667,0.266666667
139174520,zcshrjpesc.my,100,51:20.0,Baby & Toys,5,1,5,5,5,29.8,0.733333333
138949292,moveup.my,,25:20.0,Baby & Toys,,,,,,,
145273905,ntyw.sip.my,100,08:47.0,Health & Beauty,1,1,1,1,5,,
134795611,xingyuestore.my,,44:38.0,Groceries & Pets,,,,,,,
146817273,mswe.sip.my,75,08:46.0,Baby & Toys,,,,,,,
143565143,ywsmzdz.my,,15:47.0,Health & Beauty,5,2,5,4,4.8,,
150757955,jingxiaomei.my,100,55:44.0,Health & Beauty,5,1,5,4,4.8,10.67733333,4.4
138885383,nicebuy99.my,92,31:41.0,Health & Beauty,11,2,10,10,4.818181818,0.393333333,0.066666667
143792036,yuanfan810928.my,100,11:07.0,Health & Beauty,5,0,5,5,5,4.153333333,0.533333333
151315577,amlvin.my,0,56:18.0,Groceries & Pets,,,,,,,
133245766,juliefashion002.my,,23:31.0,Health & Beauty,3,0,3,3,5,,
141925898,hopestonetoys.my,100,20:21.0,Baby & Toys,7,1,7,7,5,,
136001492,lede.my,,12:49.0,Baby & Toys,,,,,,,
146453975,superhighquality.my,96,17:36.0,Health & Beauty,6,2,6,6,5,57.01666667,2
147140780,jj2my,92,02:42.0,Baby & Toys,7,4,7,7,5,9.666666667,0.333333333
151368336,udolove.my,97,37:49.0,Baby & Toys,1,0,1,1,5,100.8473333,4.133333333
148305855,democheung.my,99,17:24.0,Baby & Toys,4,1,4,4,5,756.6826667,9.066666667
133240418,cnyood.my,86,47:00.0,Health & Beauty,112,16,101,103,4.785714286,55.77533333,4.933333333
145788986,bmccpap.my,0,50:27.0,Health & Beauty,2,0,2,2,5,419.3966667,0.333333333
133246712,sanweifood_taiwan.my,100,29:27.0,Groceries & Pets,4,2,4,4,5,27.48466667,1.4
143315655,pipixia10.my,91,54:50.0,Baby & Toys,45,10,44,42,4.911111111,50.67,2.466666667
142615868,szjm.my,,47:44.0,Health & Beauty,,,,,,,
136583317,niweihao.my,,08:06.0,Health & Beauty,,,,,,,
149594382,bamy.my,94,47:57.0,Groceries & Pets,1,0,1,1,5,2.666,0.066666667
150565793,lkl.my,100,36:17.0,Baby & Toys,1,0,1,0,4,45.17533333,0.8
150275463,tayluo.my,98,52:52.0,Baby & Toys,188,26,183,180,4.925531915,2223.941333,84.93333333
136338638,uncle.jj.my,,42:22.0,Baby & Toys,37,11,37,37,5,6.764666667,0.266666667
143768696,hongkunluo.my,,31:03.0,Health & Beauty,,,,,,,
141510879,lilia2019.my,56,53:53.0,Baby & Toys,3,1,3,3,5,2.13,0.4
137532429,crown.my,100,43:22.0,Baby & Toys,3,0,1,2,3.666666667,,
137014461,boarhat1.my,25,59:37.0,Baby & Toys,23,12,23,22,4.956521739,1.2,0.066666667
151172357,sasashop.my,90,49:14.0,Health & Beauty,92,40,89,87,4.913043478,1.904,0.133333333
131619554,fuji20190307.my,,00:58.0,Baby & Toys,,,,,,,
139651630,hycsmart.my,,38:14.0,Health & Beauty,1,1,1,1,5,,
130102812,bilibilim1.my,98,15:38.0,Health & Beauty,36,2,35,35,4.944444444,35.76666667,3.6
133104714,traveler0.my,,02:10.0,Health & Beauty,2,0,0,0,3,,
147751086,zengjuan125.my,98,06:25.0,Baby & Toys,,,,,,16.39866667,0.733333333
146096890,sophie91zhang.my,,53:40.0,Health & Beauty,,,,,,,
134716846,wuxufneng.my,100,09:41.0,Baby & Toys,,,,,,12.72,0.4
133498050,zayona00.my,,05:30.0,Baby & Toys,,,,,,,
134181595,ikireishopping_taiwan.my,,24:59.0,Health & Beauty,,,,,,,
135154336,gzsyytz.my,0,35:15.0,Baby & Toys,3,0,3,3,5,,
151553031,yueyoucheng.my,,31:43.0,Baby & Toys,,,,,,,
134809736,shirlymar.my,96,49:48.0,Groceries & Pets,132,20,123,117,4.795454545,159.0066667,21.2
145443332,qssalon.my,96,02:33.0,Health & Beauty,233,56,225,223,4.91416309,258.2326667,45.6
143937649,fungift.my,98,29:00.0,Groceries & Pets,115,29,108,105,4.808695652,176.1146667,9.2
130325509,jinjiangzhaoyi.my,,25:10.0,Baby & Toys,20,7,17,17,4.65,,
149709658,zhanpeng.tw.my,13,38:44.0,Baby & Toys,14,1,9,9,4.071428571,100.832,2.266666667
142120582,whhfashions.my,,36:36.0,Baby & Toys,,,,,,,
146814981,chunzheng.my,97,57:44.0,Health & Beauty,5,1,5,5,5,29.144,0.533333333
135628021,neolab.my,84,25:44.0,Health & Beauty,8,3,8,8,5,203.24,2.266666667
145530521,cddssy.my,100,36:50.0,Baby & Toys,4,0,4,4,5,,
139259433,king2019.my,97,25:07.0,Health & Beauty,35,4,31,32,4.714285714,321.0133333,26.8
149188551,glenntannin.my,,56:54.0,Baby & Toys,,,,,,,
145022594,newsilkroad2019.my,99,46:38.0,Baby & Toys,2,0,1,1,4,8.520666667,4.8
149121846,caijieshangmao.my,,12:55.0,Health & Beauty,4,1,4,4,5,6.666666667,0.133333333
145970484,st41.sip.my,,20:05.0,Baby & Toys,,,,,,,
131899360,jonewillson.my,98,27:25.0,Baby & Toys,179,20,172,144,4.74301676,358.6506667,38.46666667
130090061,chicum1.my,100,14:31.0,Health & Beauty,55,9,51,49,4.8,4.321333333,0.933333333
137022522,hott.my,99,38:07.0,Health & Beauty,27,15,26,26,4.925925926,56.036,0.466666667
133343809,aesciy.my,,42:21.0,Health & Beauty,1,0,1,1,5,,
133703262,xinjimaoyi.my,,21:35.0,Baby & Toys,,,,,,,
151383247,gd_zhuizi.my,50,37:51.0,Baby & Toys,4,0,4,4,5,1.84,0.133333333
138375184,anderson_xie.my,80,58:03.0,Baby & Toys,1,0,1,1,5,,
134649498,tntoo.my,0,34:11.0,Baby & Toys,14,3,12,12,4.642857143,22.75733333,1.933333333
141156951,babylovedept.my,96,08:03.0,Baby & Toys,19,2,17,18,4.789473684,19.78,1.8
145901993,cosmeticpuff.my,,49:16.0,Health & Beauty,,,,,,,
134808820,summericem1.my,55,45:41.0,Health & Beauty,1,0,1,1,5,16.19333333,1.133333333
133476026,huashidianzi.my,95,14:26.0,Groceries & Pets,5,2,5,4,4.8,2.666666667,0.066666667
147730454,baokun.my,97,35:59.0,Baby & Toys,18,2,15,16,4.611111111,28.11666667,2.466666667
134800140,hongkim1.my,10,05:15.0,Health & Beauty,10,0,9,8,4.7,13.69333333,0.8
147642017,sy.zhuguo.my,,35:27.0,Health & Beauty,1,0,1,1,5,,
149133935,ogig.sip.my,100,14:39.0,Health & Beauty,11,1,11,11,5,5.786666667,0.866666667
137607347,heloog.my,,39:49.0,Health & Beauty,9,1,8,8,4.666666667,2.24,0.4
134367606,cc_sj.my,99,58:18.0,Health & Beauty,3,0,3,3,5,5.636666667,0.733333333
138426026,2019samuel.my,,16:33.0,Baby & Toys,,,,,,,
130090221,makeupm1.my,100,15:17.0,Health & Beauty,17,2,15,15,4.705882353,0.992666667,0.2
134716051,yjj_xxml.my,81,02:56.0,Baby & Toys,2,1,2,2,5,19.2,1.066666667
140193877,wanpanyu.my,99,15:08.0,Groceries & Pets,395,73,355,345,4.746835443,188.56,31.86666667
132124580,598935431.my,,04:46.0,Health & Beauty,,,,,,,
142410901,motherbaby.my,98,07:42.0,Baby & Toys,9,2,9,8,4.888888889,24.85866667,1.933333333
147191538,toys_home.my,100,18:48.0,Baby & Toys,1,0,1,1,5,,
132890279,colour19.my,4,11:34.0,Baby & Toys,269,33,268,261,4.966542751,8.547333333,0.733333333
131088514,cheaphomewear.my,100,41:56.0,Baby & Toys,22,3,20,18,4.681818182,5.14,0.2
141023910,kidstown.my,96,27:38.0,Baby & Toys,109,14,109,107,4.981651376,135.0753333,13.06666667
140970241,jingshunshenzhen.my,0,50:42.0,Baby & Toys,22,8,22,21,4.954545455,,
137924033,jiusaner.my,,27:50.0,Baby & Toys,,,,,,,
151554871,cqjcsm.my,99,41:44.0,Baby & Toys,21,7,20,17,4.761904762,91.446,5.133333333
145174339,jpxinchen.my,,46:18.0,Baby & Toys,1,0,1,1,5,,
132091819,ourcolorstory.my,79,32:00.0,Baby & Toys,2,0,2,2,5,62.094,6.133333333
136265064,fsuyuan.my,100,07:33.0,Health & Beauty,2,0,2,2,5,6.936,0.466666667
139584043,heremoji.my,95,27:44.0,Health & Beauty,21,2,16,16,4.428571429,17.86666667,0.133333333
145828673,zxbly.my,25,42:41.0,Baby & Toys,,,,,,,
140934007,gzxdyjzcl.my,98,39:08.0,Health & Beauty,250,51,240,233,4.872,48.884,4.733333333
148253580,jiaoliang.my,,33:04.0,Health & Beauty,,,,,,,
151545598,domygift.my,,47:44.0,Baby & Toys,,,,,,,
147097566,qiziltd.my,100,24:07.0,Groceries & Pets,9,2,9,9,5,,
134788136,dottam.my,99,10:56.0,Groceries & Pets,1,1,0,0,2,1.308,0.066666667
152247385,brainbow1.my,99,26:16.0,Health & Beauty,85,18,83,79,4.905882353,212.384,8.4
134800084,gofastm1.my,92,04:58.0,Baby & Toys,13,2,13,13,5,75.17666667,3.333333333
138757413,beauty2019.my,89,32:34.0,Baby & Toys,30,6,27,28,4.766666667,8.012,1.333333333
134784837,southrain.my,96,56:09.0,Groceries & Pets,433,84,394,378,4.757505774,13.77733333,1.066666667
134296080,luckybaby.my,,04:19.0,Baby & Toys,,,,,,,
131860235,littledebbie.my,62,31:06.0,Baby & Toys,626,132,580,570,4.813099042,2.186666667,0.066666667
151307950,lechuano.my,70,22:02.0,Baby & Toys,35,3,32,32,4.8,54.65866667,2.666666667
138951250,luckylin2019.my,100,02:06.0,Groceries & Pets,39,10,39,38,4.974358974,111.81,2.533333333
148821454,aibolai888.my,55,47:30.0,Health & Beauty,4,2,4,4,5,45.24733333,12
141061907,iyhome.my,,54:45.0,Baby & Toys,17,3,13,13,4.352941176,1.866,0.066666667
134562163,beatulty.my,,27:04.0,Health & Beauty,,,,,,,
139139713,jimaohuantang.my,99,27:21.0,Health & Beauty,19,5,19,18,4.947368421,641.0073333,180.4666667
137946654,phr88pmr123slp456gtb999.my,,10:01.0,Baby & Toys,,,,,,,
142027082,chongxia201.my,78,38:22.0,Baby & Toys,,,,,,,
139022817,qearlface.my,,30:26.0,Health & Beauty,,,,,,,
140054335,unihobby.my,67,42:49.0,Baby & Toys,,,,,,,
151549282,rolyshop.my,41,11:19.0,Health & Beauty,72,21,65,66,4.805555556,1319.36,14.6
151097555,abonnielash116.my,95,36:59.0,Health & Beauty,1,1,1,1,5,185.854,15.6
134725661,liuanmaoyi.my,,11:23.0,Health & Beauty,,,,,,,
132806926,xiajing666.my,100,16:43.0,Health & Beauty,88,16,76,70,4.636363636,32.89533333,6.666666667
135798818,imirootree.my,80,35:42.0,Health & Beauty,124,36,120,119,4.911290323,20.92266667,4.066666667
142130614,qihang01.my,95,55:24.0,Health & Beauty,19,2,19,19,5,13.52333333,1.666666667
133104841,stayreal0.my,,02:44.0,Baby & Toys,5,2,4,4,4.6,2.866666667,0.066666667
139091187,henry_shopee.my,100,16:16.0,Health & Beauty,3,2,3,3,5,3.151333333,0.133333333
140271378,mggnyw.my,94,27:09.0,Health & Beauty,,,,,,44.53333333,1.733333333
135576698,zity002.my,,14:54.0,Groceries & Pets,4,0,4,4,5,,
134198451,ningmomi_taiwan.my,,47:42.0,Health & Beauty,,,,,,,
145160031,lishangerstore.my,,41:50.0,Baby & Toys,,,,,,,
148932332,yyaquarium.my,31,20:00.0,Groceries & Pets,11,1,11,11,5,66.29866667,0.333333333
139606835,jinbing18.my,69,36:02.0,Baby & Toys,31,3,28,28,4.774193548,10.98733333,1.4
137714102,hoolend.my,,33:43.0,Health & Beauty,3,0,2,2,4.333333333,,
142646020,h_two.my,95,51:35.0,Baby & Toys,4,1,4,4,5,62.562,1.333333333
147680511,panrenee.my,,16:31.0,Baby & Toys,,,,,,,
149238502,natureshop19.my,86,41:43.0,Health & Beauty,71,21,71,67,4.943661972,107.2,1.466666667
142627747,chen810251.my,99,41:47.0,Baby & Toys,6,1,6,6,5,1101.14,54.06666667
152234894,xianstore.my,99,36:42.0,Health & Beauty,6,1,3,2,3.5,327.2993333,45.86666667
131877669,smartappliances.my,96,56:26.0,Health & Beauty,1,0,-1,0,1,2.332666667,0.066666667
132919275,qayot01.my,,27:40.0,Health & Beauty,,,,,,1.653333333,0.066666667
140553012,poplartree.my,,04:51.0,Baby & Toys,,,,,,,
133284784,maishun66.my,0,54:48.0,Baby & Toys,2,0,2,2,5,,
137935149,winniensophie.my,,19:54.0,Health & Beauty,,,,,,,
134808950,hanboger.my,70,46:18.0,Health & Beauty,2,0,1,1,4,14.48866667,1.733333333
141010163,zoozen.my,99,12:47.0,Health & Beauty,22,3,21,21,4.909090909,48.22666667,2.733333333
147915846,amtyhome.my,99,38:07.0,Health & Beauty,1,0,1,1,5,0.359333333,0.066666667
147916591,xilady.my,100,41:16.0,Baby & Toys,9,3,9,9,5,6.091333333,0.133333333
139260858,letitia.my,94,32:46.0,Health & Beauty,6,3,6,6,5,108.0006667,8.333333333
130080614,kanaks.my,,17:16.0,Baby & Toys,,,,,,,
143551174,lfsxnyysm.my,100,10:21.0,Health & Beauty,75,7,71,70,4.853333333,17.03466667,0.866666667
139807663,maresecare.my,,06:33.0,Health & Beauty,,,,,,,
133505488,orthochain.my,46,41:01.0,Health & Beauty,,,,,,2.666666667,0.066666667
130096438,diormar.my,71,46:05.0,Health & Beauty,6,0,5,3,4.166666667,11.498,1.4
134808927,sunlouder.my,100,46:13.0,Health & Beauty,15,9,12,13,4.6,29.13666667,4.933333333
145960019,cherrybeyond.my,83,31:55.0,Baby & Toys,26,19,26,26,5,30.26666667,0.466666667
151959596,chensi87654321.my,,09:43.0,Baby & Toys,,,,,,,
135824340,momodabag.my,99,35:35.0,Baby & Toys,21,5,21,21,5,364.0906667,15.6
131868637,wuki13.my,0,13:32.0,Baby & Toys,,,,,,,
132833961,bassbell.my,100,50:33.0,Groceries & Pets,1,0,0,0,2,,
139560590,szlmjdgc.my,100,06:25.0,Baby & Toys,5,3,5,5,5,,
139072266,laohuli.my,21,35:01.0,Groceries & Pets,,,,,,40.19133333,0.666666667
133291783,chongwan.my,,30:13.0,Health & Beauty,,,,,,,
152206275,bagghibags.my,96,40:31.0,Baby & Toys,88,22,86,82,4.909090909,259.0426667,3
140334760,yanxingliang.my,98,07:08.0,Health & Beauty,52,15,49,48,4.846153846,27.926,3.666666667
133425191,liguanguan.my,0,21:44.0,Baby & Toys,62,18,56,53,4.741935484,15.764,0.733333333
151308399,jonck.huang.my,,24:03.0,Health & Beauty,,,,,,,
147804934,asinbad.my,,42:52.0,Baby & Toys,,,,,,,
137324351,ourworld.my,100,19:59.0,Health & Beauty,6,1,5,5,4.666666667,1.665333333,0.2
134378641,koreafarm.my,97,51:07.0,Groceries & Pets,32,6,32,32,5,2812.330667,133.2666667
132413572,fing00.my,12,22:22.0,Health & Beauty,,,,,,,
150647658,flyoung.my,99,21:44.0,Baby & Toys,96,24,95,90,4.927083333,3556.588,98.73333333
141786308,usunshine.my,77,31:57.0,Baby & Toys,7,2,6,6,4.714285714,21.80333333,0.8
151553444,sxqrdz.my,57,34:13.0,Health & Beauty,,,,,,15.54666667,0.533333333
143390208,qqdreamer.my,100,33:10.0,Baby & Toys,3,0,3,3,5,,
148805365,zhihuzhi.my,15,31:15.0,Baby & Toys,8,1,8,7,4.875,17.53333333,0.4
131596336,chengwenyao1986.my,100,54:18.0,Baby & Toys,20,4,20,18,4.9,15.9,0.533333333
143186361,reflection10.my,,31:55.0,Baby & Toys,,,,,,,
134792379,suitcase88.my,100,30:00.0,Baby & Toys,,,,,,,
130314750,baterhu.my,96,29:09.0,Baby & Toys,174,40,168,161,4.879310345,46.016,2.266666667
151868271,changxiangs.my,100,41:45.0,Health & Beauty,1,0,1,1,5,27.156,0.533333333
133094653,12yearold.my,100,16:56.0,Baby & Toys,1,0,1,1,5,,
135011481,yubirder.my,100,02:55.0,Baby & Toys,4,1,4,3,4.75,3.792,0.066666667
138962364,vip4717.my,83,11:05.0,Health & Beauty,,,,,,,
137493317,hzjzyjjyx.my,,40:17.0,Baby & Toys,2,0,2,2,5,,
140210773,invincible.my,98,51:42.0,Health & Beauty,40,14,38,35,4.8,304.938,79.8
134185155,ghovfkv.my,,41:59.0,Health & Beauty,,,,,,,
134775346,sdsp.my,,13:14.0,Health & Beauty,,,,,,,
140311158,fdhs.my,54,06:22.0,Health & Beauty,1,0,1,1,5,19.35733333,0.333333333
139251424,mym.my,,42:40.0,Baby & Toys,,,,,,,
133252089,mc123520_taiwan.my,,02:17.0,Health & Beauty,,,,,,,
134801431,xuhouzi.my,100,11:08.0,Health & Beauty,1,0,1,1,5,4.674666667,0.133333333
146071696,1148885068.my,,19:32.0,Baby & Toys,,,,,,,
145247012,lt7c.sip.my,,18:20.0,Baby & Toys,1,0,1,1,5,,
133755426,tangpeng0922.my,100,37:04.0,Baby & Toys,14,4,13,13,4.857142857,53.26666667,1.4
130856986,freestyle3.my,,18:28.0,Baby & Toys,4,0,3,3,4.25,,
139603975,yitongkejiyouxiangongsi.my,,20:06.0,Baby & Toys,2,0,2,1,4.5,,
137299785,jiangdong0.0.my,72,33:15.0,Health & Beauty,52,15,48,47,4.788461538,140.504,34.33333333
132409307,joja05.my,0,04:13.0,Baby & Toys,,,,,,1.042666667,0.266666667
135043025,deamos.my,96,46:05.0,Baby & Toys,16,2,16,14,4.875,185.0293333,31.2
141148505,huang19910306.my,100,22:24.0,Groceries & Pets,2,1,2,2,5,0.8,0.066666667
133035701,jiangdakeji.my,,28:30.0,Baby & Toys,,,,,,,
133064105,dream.catching.my,100,51:37.0,Health & Beauty,3,1,3,3,5,,
149725257,woderyoor.my,100,50:39.0,Health & Beauty,1,0,1,1,5,,
142350724,missmay123.my,95,15:29.0,Baby & Toys,26,10,23,21,4.653846154,7.026666667,0.666666667
133257166,jcpets888_taiwan.my,,31:08.0,Groceries & Pets,,,,,,,
137479264,gljgjmy.my,,32:46.0,Groceries & Pets,1,0,1,1,5,,
133295939,wanka1.my,94,49:37.0,Health & Beauty,,,,,,8.835333333,7
149451445,pingtingda.my,100,46:16.0,Baby & Toys,1,0,1,1,5,,
143549621,linxilove.my,100,03:13.0,Baby & Toys,67,17,64,63,4.895522388,23.84466667,2.866666667
149130293,ruibai2019.my,9,57:48.0,Baby & Toys,11,1,10,9,4.727272727,22.758,1.066666667
134531456,pinyun999.my,,59:15.0,Health & Beauty,2,2,2,2,5,4.224,0.133333333
137952150,1300629121.my,,33:37.0,Baby & Toys,,,,,,,