shopid,username,main_category,Jan_ADO,collection_slots,collection_times,collection_order,days_until_first_collection,ADO_bf_first_collection,ADO_first_collection_order,ADO_af_first_collection,ADO_uplift_first_collection,ADO_uplift_collection_factor,cfs_slots,cfs_order
135820317,xiyou123.my,Health & Beauty,0.4,608,263,31.5,24,0.43,2,44.57,102.65,67.31,2,304.75
134798720,progresssports.my,Baby & Toys,67.93,11,4,0,47,0.14,0,20.71,146.93,54.98,0,0
135131874,redappletaotao.my,Baby & Toys,2.07,68,56,1.89,27,0.43,0,31,71.09,46.62,14,320.33
141013809,yc201901.my,Baby & Toys,11.73,81,35,5.67,39,2.14,46,45.57,20.29,29.69,33,396.68
130095811,ezbuy.my,Baby & Toys,2.53,13,8,4,55,5.86,328,51,7.7,18.65,3,724.44
131678979,aorain.my,Health & Beauty,1.87,6,2,4.31,89,3.57,1,31.99,7.96,15.04,0,0
133254148,1v1.my,Baby & Toys,16.47,71,25,44.7,37,0.14,0,2.43,16.36,6.12,0,0
133240418,cnyood.my,Health & Beauty,3.67,12,6,11,84,2.14,2,7,2.27,3.32,0,0
136003534,riannesis.my,Baby & Toys,14.93,98,82,2.83,23,0.14,1,1.29,8.21,3.07,94,230.73
132890279,colour19.my,Baby & Toys,0.27,166,99,126.91,38,0.14,1,1.29,8.21,3.07,0,0
141010163,zoozen.my,Health & Beauty,2.53,66,58,3,50,0.14,0,1.29,8.21,3.07,0,0
131099847,firesky.my,Health & Beauty,2.53,55,55,0,14,0.29,1,1.86,5.41,2.92,0,0
140412440,heartywm.my,Health & Beauty,2.93,3,3,0,53,0.29,1,1.86,5.41,2.92,0,0
131211166,zeku2.my,Health & Beauty,8,548,112,540.93,32,4.57,20,10.71,1.34,2.87,2,243.7
140193877,wanpanyu.my,Groceries & Pets,15.8,35,27,21.31,56,2.57,2,7,1.72,2.76,0,0
136338638,uncle.jj.my,Baby & Toys,0.27,58,32,9.5,40,0.14,1,1.14,7.14,2.67,0,0
134516975,shelly2019320.my,Baby & Toys,0.13,135,78,7.67,30,0.29,0,1.71,4.9,2.64,2,10
137488235,rzrcjxsb.my,Baby & Toys,0.6,58,21,35.5,16,4.71,8,9.71,1.06,2.3,0,0
131872956,musesworld.my,Baby & Toys,8.6,145,59,23.28,31,0.57,2,2,2.51,1.89,0,0
131133994,sben.my,Health & Beauty,6.67,45,11,91.24,63,5.29,10,9.29,0.76,1.74,0,0
131596606,feishuo.my,Health & Beauty,1.2,37,15,5,23,0.43,0,1.57,2.65,1.74,0,0
140337832,loveduomi.my,Baby & Toys,0,7,5,0,53,0.29,0,1.14,2.93,1.58,0,0
132878385,shopeevvvip.my,Baby & Toys,51.87,67,33,2,39,0.57,1,1.71,2,1.51,119,202.67
139467716,v.young.my,Baby & Toys,2.73,80,46,12,53,0.57,0,1.71,2,1.51,10,11
140422216,xiehushu83.my,Baby & Toys,2.2,2,2,0.33,60,1.14,0,2.71,1.38,1.47,0,0
140334760,yanxingliang.my,Health & Beauty,1.87,4,2,0,74,2.43,1,4.71,0.94,1.46,0,0
134784837,southrain.my,Groceries & Pets,0.87,177,45,290.04,30,3.43,3,6,0.75,1.39,0,0
134936263,newbra003.my,Baby & Toys,1.6,11,5,0,46,0.57,4,1.57,1.75,1.32,0,0
139179146,wanlanjue.my,Health & Beauty,1.87,53,34,2,55,0.29,0,1,2.45,1.32,0,0
141116849,jcfultz.my,Baby & Toys,0,7,7,0,72,0.29,1,1,2.45,1.32,0,0
137466912,flashclick.my,Baby & Toys,0.6,5,5,0,69,1.57,7,3.14,1,1.25,0,0
140934007,gzxdyjzcl.my,Health & Beauty,4,36,36,6.83,31,5,11,7.71,0.54,1.21,0,0
132806926,xiajing666.my,Health & Beauty,2.87,54,18,12.27,25,1.14,2,2.43,1.13,1.21,0,0
139016733,kuluo2018.my,Baby & Toys,0.27,26,13,1,70,0.14,1,0.57,3.07,1.15,0,0
134809736,shirlymar.my,Groceries & Pets,12.47,87,81,11.2,29,1.43,1,2.71,0.9,1.07,0,0
133107381,salmoph0.my,Baby & Toys,1.8,43,29,3,26,0.29,0,0.86,1.97,1.06,0,0
131387476,june.aurora.my,Health & Beauty,2.33,112,80,145.06,33,2.57,4,4.14,0.61,0.98,0,0
138854748,taihuaxin2019.my,Health & Beauty,7.93,12,6,11.17,84,2.29,1,3.66,0.6,0.91,0,0
140944415,superspider1.my,Health & Beauty,83.87,256,134,616.07,31,16.86,30,20.43,0.21,0.87,36,90.33
130095741,buymorem2.my,Health & Beauty,2.33,90,69,3,22,0.43,1,1,1.33,0.87,0,0
134947120,jlelec.my,Baby & Toys,7.87,150,79,23,28,0.43,2,1,1.33,0.87,0,0
142057056,spacemall.my,Baby & Toys,2.4,11,11,0,52,0.43,0,1,1.33,0.87,0,0
133653886,zhangzhenxing.my,Health & Beauty,1.93,10,5,0,52,0.43,0,1,1.33,0.87,0,0
133425191,liguanguan.my,Baby & Toys,0.73,58,26,0,53,1.14,0,2,0.75,0.81,0,0
137014461,boarhat1.my,Baby & Toys,0.07,17,12,1,37,0.29,0,0.71,1.45,0.78,0,0
134649498,tntoo.my,Baby & Toys,1,11,7,0.2,29,0.14,0,0.43,2.07,0.78,0,0
134294081,xiami2019.my,Baby & Toys,13.87,38,16,2,32,0.14,1,0.43,2.07,0.78,0,0
133521611,sunywill.my,Health & Beauty,62.33,546,167,128.93,34,0.14,0,0.43,2.07,0.78,0,0
141116250,phoebebeauty.my,Health & Beauty,0.13,27,7,1,49,0.14,0,0.43,2.07,0.78,0,0
134735143,peppypawm1.my,Groceries & Pets,0,19,7,30.31,47,0.86,1,1.57,0.83,0.77,0,0
139259433,king2019.my,Health & Beauty,21.73,9,9,0,66,0.71,0,1.29,0.82,0.69,20,2
138951250,luckylin2019.my,Groceries & Pets,1.67,18,5,1,60,1.14,2,1.86,0.63,0.67,0,0
141582440,super_children.my,Baby & Toys,11.67,93,74,8.75,43,0.43,2,0.86,1,0.66,149,41.92
139738513,meliyichunbaby.my,Baby & Toys,0.2,7,7,0,79,0.43,0,0.86,1,0.66,0,0
139777278,motherkidzxs.my,Baby & Toys,14.6,19,11,22,79,12.71,10,14.86,0.17,0.6,24,56.5
139180394,wantengqian.my,Groceries & Pets,0.27,160,79,1.5,55,2.14,0,3,0.4,0.59,0,0
130916606,shancha.my,Health & Beauty,5.87,25,15,1,47,1,2,1.57,0.57,0.57,0,0
133526291,huayin.my,Health & Beauty,6.4,11,5,3.33,53,1,1,1.57,0.57,0.57,0,0
138134238,amazingshoping.my,Baby & Toys,1.07,48,48,5,14,0.57,0,1,0.75,0.57,0,0
134378479,neotidekor.my,Health & Beauty,27.4,151,60,34.5,32,1.14,1,1.71,0.5,0.53,0,0
137917777,muyouren.my,Baby & Toys,2.93,149,75,3.46,15,0.29,1,0.57,0.97,0.52,0,0
133104841,stayreal0.my,Baby & Toys,0.07,20,9,1,24,0.29,1,0.57,0.97,0.52,0,0
130325509,jinjiangzhaoyi.my,Baby & Toys,0,9,5,2,66,1.29,1,1.86,0.44,0.5,0,0
130095817,joommart.my,Health & Beauty,4.13,314,148,2,38,1.71,2,2.29,0.34,0.44,0,0
136601819,shieh7.my,Baby & Toys,0.73,22,10,1,22,0.14,0,0.29,1.07,0.4,0,0
136074134,leogirl123.my,Health & Beauty,2.93,18,7,0,24,0.14,0,0.29,1.07,0.4,1,23
134789527,shipsoon.my,Baby & Toys,0.07,16,8,0,30,0.14,0,0.29,1.07,0.4,0,0
131608024,maituodz.my,Health & Beauty,0.2,17,8,1,44,0.14,0,0.29,1.07,0.4,0,0
135205523,miocare.my,Health & Beauty,1.87,9,5,0,45,0.14,1,0.29,1.07,0.4,0,0
133256983,aike666_taiwan.my,Groceries & Pets,0,1328,217,6,47,0.14,0,0.29,1.07,0.4,0,0
133251137,sharonma_taiwan.my,Baby & Toys,0,529,110,2,49,0.14,0,0.29,1.07,0.4,0,0
140498568,happyfancylove.my,Baby & Toys,0.13,6,3,0,52,0.14,0,0.29,1.07,0.4,0,0
139624269,honghuang2020.my,Baby & Toys,1.2,13,10,1,52,0.57,1,0.86,0.51,0.38,0,0
131860235,littledebbie.my,Baby & Toys,0.07,220,72,64.17,42,2.43,3,3,0.23,0.37,9,966.83
133248873,geta.my,Baby & Toys,3.47,20,5,4,75,0.71,4,1,0.41,0.34,7,7
134809726,channelly.my,Baby & Toys,7.53,50,31,7.5,74,1.86,0,2.29,0.23,0.32,0,0
140591573,toychilds.my,Baby & Toys,1,95,39,24,40,3.29,5,3.86,0.17,0.31,0,0
140388477,sunnimix1.my,Health & Beauty,13.93,2,2,0,67,2,1,2.43,0.22,0.3,0,0
134504815,rickyzc.my,Health & Beauty,1.93,26,10,0,17,1,0,1.29,0.29,0.29,0,0
135434470,vip2972.my,Health & Beauty,8.6,1,1,0,25,1,1,1.29,0.29,0.29,0,0
139392515,ttkababy.my,Baby & Toys,6.87,23,9,4.5,81,1,0,1.29,0.29,0.29,0,0
137988750,zhtechnology.my,Baby & Toys,0,6,3,0,16,0.29,0,0.43,0.48,0.26,0,0
137309312,sevenfish1.my,Health & Beauty,10.93,177,59,1,18,0.29,0,0.43,0.48,0.26,0,0
132242798,chamie2018.my,Baby & Toys,11.87,90,64,2,28,0.29,0,0.43,0.48,0.26,0,0
135044281,innlike.my,Baby & Toys,3.33,52,21,1.25,29,0.29,0,0.43,0.48,0.26,0,0
134846523,liuxiaoxiaotoy.my,Baby & Toys,0.13,28,28,5,32,0.29,0,0.43,0.48,0.26,0,0
140901915,kangliang9727.my,Health & Beauty,0.33,18,7,0,50,0.29,0,0.43,0.48,0.26,0,0
139603975,yitongkejiyouxiangongsi.my,Baby & Toys,0,2,2,0,71,0.29,0,0.43,0.48,0.26,0,0
131677818,hjtyyjsgdf.my,Health & Beauty,13.4,99,33,11.33,44,1.43,0,1.71,0.2,0.23,0,0
133259879,susanamantilla.my,Health & Beauty,1.47,46,15,18,37,0.43,2,0.57,0.33,0.21,0,0
139630785,woman_clothing.my,Baby & Toys,0,7,7,0,52,0.43,2,0.57,0.33,0.21,0,0
134077414,mynailsalon.my,Health & Beauty,153.13,166,82,5.59,32,0.57,2,0.71,0.25,0.19,3,4.3
140871022,mr.tea_.my,Health & Beauty,3.27,73,28,1.5,49,0.57,1,0.71,0.25,0.19,2,1.83
139187094,myfriend.my,Baby & Toys,2.6,36,31,0,55,0.57,0,0.71,0.25,0.19,0,0
130314750,baterhu.my,Baby & Toys,1.67,203,78,104.98,35,0.86,2,1,0.16,0.15,29,116.37
131115443,uniquecherish.my,Baby & Toys,2.53,25,11,0,39,0.86,2,1,0.16,0.15,1,0
136581141,apluskis.my,Health & Beauty,20.67,54,26,42.83,39,1,2,1.14,0.14,0.14,0,0
138810225,bestchoices.my,Health & Beauty,8.07,3,3,0,63,5.57,9,5.71,0.03,0.06,0,0
132920952,shallowky.my,Baby & Toys,0.07,18,3,2,84,0.14,0,0.16,0.14,0.05,0,0
138757413,beauty2019.my,Baby & Toys,0.8,28,12,9.67,49,0,7,8,10,0,22,50.33
136604456,mysudui.my,Groceries & Pets,3.27,117,29,29.33,27,0,44,4.43,5,0,70,72.83
139584043,heremoji.my,Health & Beauty,0.13,108,78,3,0,0,0,0,0,0,0,0
132814746,penseefour.my,Baby & Toys,1.4,231,134,85.63,7,0,1,2,5,0,0,0
141061907,iyhome.my,Baby & Toys,0.07,153,99,11,0,0,0,0,0,0,2,1
132668829,laikou.my,Health & Beauty,3.47,10,6,0.1,57,0,2,1.14,5,0,0,0
137022522,hott.my,Health & Beauty,0.47,18,8,1,37,0,1,0.86,1,0,0,0
140613221,ningyuetongxin.my,Health & Beauty,0.87,38,36,0,52,0,0,0.86,1,0,0,0
140414600,llovebuy.my,Health & Beauty,3.2,14,14,0.38,55,0,1,0.86,1,0,0,0
137322458,huangsenxin1.my,Health & Beauty,7.93,325,70,1,7,0,0,0.71,1,0,0,0
132166412,shoesnile888.my,Health & Beauty,0,23,13,0,10,1.71,3,1.71,0,0,0,0
135775969,hdstisen.my,Baby & Toys,0.47,85,76,50.5,24,0,0,0.71,1,0,2,20
135413751,yaojiaolian1.my,Health & Beauty,6.47,9,3,0,13,0,0,0,0,0,0,0
135162799,nmgwsxx.my,Baby & Toys,0,23,10,0,14,0,0,0,0,0,0,0
137594310,huangsenxin3.my,Health & Beauty,3.67,324,70,0,6,0,0,0.57,1,0,0,0
139601864,demonlick.my,Health & Beauty,0,108,76,5,7,0,0,0.57,1,0,0,0
130670844,legooffice.my,Health & Beauty,0,31,15,10,20,1,6,1,0,0,0,0
136590603,huazhichun.my,Health & Beauty,13.4,57,53,1,21,1,2,1,0,0,1,70
130308385,sabelstore.my,Health & Beauty,0,9,3,0,21,0,0,0,0,0,0,0
131899802,chamie2019.my,Baby & Toys,3.47,50,16,2,22,0,1,0,0,0,0,0
130090115,suvmall.my,Groceries & Pets,0.4,173,47,9.58,22,0,1,0,0,0,15,215.69
131596336,chengwenyao1986.my,Baby & Toys,0.53,78,31,5,16,0,0,0.57,1,0,0,0
139241383,jiaguo12813.my,Health & Beauty,0,218,98,2,22,0,0,0,0,0,0,0
134800509,travelightm1.my,Baby & Toys,0.33,39,36,0.5,29,0,0,0.57,1,0,0,0
136245545,aomeng.my,Baby & Toys,0,19,9,0,23,0,0,0,0,0,0,0
136266344,wyz001.my,Baby & Toys,0,19,9,0,23,0,0,0,0,0,0,0
135824340,momodabag.my,Baby & Toys,11.47,116,55,19,24,0.29,0,0.29,0,0,0,0
131363149,hello7bb.my,Baby & Toys,0.47,79,59,0,24,0,0,0,0,0,0,0
133502355,amidatw_taiwan.my,Health & Beauty,0,393,86,8,35,0,0,0.57,1,0,0,0
133104714,traveler0.my,Health & Beauty,0,9,3,0,24,0,0,0,0,0,0,0
138314699,flashbaby.my,Baby & Toys,0.07,74,64,0,26,1,2,1,0,0,0,0
139817719,icebeauty168.my,Health & Beauty,5.8,71,58,39,6,0,0,0.43,1,0,0,0
132193108,candycandystar.my,Health & Beauty,0,27,11,0,28,0,0,0,0,0,0,0
130152066,lsshanshan.my,Baby & Toys,0.2,18,6,0,22,0,1,0.43,1,0,0,0
133241170,babyofsun.my,Baby & Toys,8.6,198,120,4.83,23,0,0,0.43,1,0,2,93
131877669,smartappliances.my,Health & Beauty,0.07,29,10,0,29,0.14,0,0.14,0,0,0,0
134693278,szzl.my,Health & Beauty,0,45,45,0,29,0,1,0,0,0,0,0
139028664,csx091266.my,Baby & Toys,0,14,14,0,62,0,0,0.43,1,0,0,0
137368039,tendease.my,Baby & Toys,0.53,3,3,1.5,70,0,1,0.43,1,0,0,0
139027947,dsl888.my,Baby & Toys,0.8,79,69,4,0,0,0,0.29,1,0,0,0
134788121,placeorder.my,Baby & Toys,0.13,9,3,0,30,0,0,0,0,0,0,0
138937059,aab.my,Baby & Toys,0.13,9,9,0,0,0,0,0.29,1,0,0,0
134788672,random.my,Groceries & Pets,0,9,3,0,30,0,0,0,0,0,0,0
137528144,xiaofangren.my,Baby & Toys,0,133,64,0,30,0,0,0,0,0,0,0
134176077,eileengrace001_taiwan.my,Health & Beauty,0.07,107,106,0,32,0,0,0,0,0,0,0
134400924,zhenpinyuan.my,Baby & Toys,0,9,3,0,32,0,0,0,0,0,0,0
134180923,gufonliung_taiwan.my,Health & Beauty,0,280,134,0,32,0,0,0,0,0,0,0
133764257,cxmcxmximei.my,Health & Beauty,0,64,51,0,34,0,0,0,0,0,0,0
137465559,avton.my,Health & Beauty,42.67,10,4,0,35,0,0,0,0,0,0,0
134569621,mufengtrading.my,Baby & Toys,0.8,10,6,4,29,0,1,0.29,1,0,0,0
133533696,william2409_taiwan.my,Groceries & Pets,0,3155,177,7,35,0,0,0,0,0,0,0
134809728,cheasygirl.my,Health & Beauty,2.67,38,23,0,30,0,0,0.29,1,0,0,0
133498511,kingkung.tw_taiwan.my,Groceries & Pets,0,1405,89,3,35,0,0,0,0,0,0,0
130096479,chicstyle.my,Health & Beauty,5.6,159,81,9,36,1.29,2,1.29,0,0,0,0
130102812,bilibilim1.my,Health & Beauty,1.6,28,11,0,36,0.86,0,0.86,0,0,0,0
134784407,yoomall.my,Health & Beauty,2.07,21,7,0,30,0,0,0.29,1,0,1,6.25
133257751,momus2003_taiwan.my,Health & Beauty,0,913,149,0,36,0,0,0,0,0,0,0
133258892,koreatop_taiwan.my,Health & Beauty,0,228,100,2,36,0,0,0,0,0,0,0
137361734,zhuabe12345.my,Health & Beauty,0,10,5,0,36,0,0,0,0,0,0,0
133252089,mc123520_taiwan.my,Health & Beauty,0,261,173,0,36,0,0,0,0,0,0,0
133256231,ccherb_taiwan.my,Groceries & Pets,0,183,175,0,36,0,0,0,0,0,0,0
133248293,yaho.my,Baby & Toys,3.13,21,6,2.67,37,0.14,0,0.14,0,0,0,0
135794621,xiaoduan.my,Baby & Toys,0,11,4,0,42,0,0,0.29,1,0,0,0
133064105,dream.catching.my,Health & Beauty,0,64,52,0,37,0,0,0,0,0,0,0
133085779,youfashionshop.my,Baby & Toys,0.13,11,4,1,55,0,1,0.29,1,0,0,0
133105625,socool.my,Health & Beauty,0,18,7,0,38,0,0,0,0,0,0,0
132815767,234771297.my,Baby & Toys,0.27,9,5,0,56,0,0,0.29,1,0,0,0
137367534,1stmarket.my,Health & Beauty,0,27,26,0,64,0,0,0.29,1,0,0,0
136135515,zepgo.my,Baby & Toys,2.4,11,5,0,41,0,0,0,0,0,0,0
133107568,hahahi0.my,Baby & Toys,0,6,3,0,83,0,0,0.29,1,0,0,0
136068334,2019shopee.my,Baby & Toys,0,9,4,0,41,0,0,0,0,0,0,0
141023910,kidstown.my,Baby & Toys,3.87,57,49,2.31,0,0,0,0.14,1,0,0,0
132170865,avonxxp.my,Health & Beauty,0,20,9,0,42,0,0,0,0,0,0,0
130096438,diormar.my,Health & Beauty,0.93,17,7,0,43,0.43,0,0.43,0,0,0,0
131735449,pinksun001.my,Health & Beauty,0,176,50,0,43,0,0,0,0,0,0,0
135427796,starwishyoung.my,Baby & Toys,11.87,10,4,0,44,0,0,0,0,0,0,0
141142203,wowakeji.my,Baby & Toys,0.47,7,7,0,44,0,0,0,0,0,0,0
133258238,ttmaxstore_taiwan.my,Health & Beauty,0,746,119,1,44,0,0,0,0,0,0,0
141129069,baby_mooree.my,Baby & Toys,0,7,7,0,44,0,0,0,0,0,0,0
134191939,akachan_taiwan.my,Baby & Toys,0,1777,177,0,45,0,0,0,0,0,0,0
134179646,fantasiapetpro_taiwan.my,Groceries & Pets,0,71,49,0,45,0,0,0,0,0,0,0
134181595,ikireishopping_taiwan.my,Health & Beauty,0,132,119,1,45,0,0,0,0,0,0,0
130947446,spwholesalem1.my,Baby & Toys,1.07,9,3,0,12,0,0,0.14,1,0,0,0
134935588,xinyue999.my,Baby & Toys,0,10,5,0,46,0,0,0,0,0,0,0
134920905,summercoco666.my,Health & Beauty,0,9,5,0,46,0,0,0,0,0,0,0
134784417,sweetbl.my,Health & Beauty,6.93,9,5,0,47,0.29,0,0.29,0,0,0,0
134723255,perlinta.my,Baby & Toys,0.13,17,12,0.33,47,0,1,0,0,0,0,0
134722755,88199107.my,Baby & Toys,0,10,5,0,47,0,0,0,0,0,0,0
134526361,495219575.my,Baby & Toys,0,9,4,0,48,0,0,0,0,0,0,0
138375184,anderson_xie.my,Baby & Toys,0,43,35,0,17,0,0,0.14,1,0,0,0
134367606,cc_sj.my,Health & Beauty,0.73,5,4,1,49,0.14,0,0.14,0,0,0,0
131639470,supersupershope.my,Health & Beauty,3.2,27,11,0.75,30,0,0,0.14,1,0,0,0
133252237,redtera_taiwan.my,Health & Beauty,0,278,152,7,49,0,0,0,0,0,0,0
130311718,jblite.my,Baby & Toys,0,9,3,0,49,0,0,0,0,0,0,0
134293177,15168003890.my,Baby & Toys,0,11,5,0,49,0,0,0,0,0,0,0
133257166,jcpets888_taiwan.my,Groceries & Pets,0,138,99,0,49,0,0,0,0,0,0,0
130096456,codstore.my,Health & Beauty,1.73,18,7,1.5,50,0.57,0,0.57,0,0,0,0
141005740,linlingda.my,Health & Beauty,0.07,38,38,0,50,0.14,0,0.14,0,0,0,0
134788136,dottam.my,Groceries & Pets,0.07,9,3,1,30,0,0,0.14,1,0,0,0
133755426,tangpeng0922.my,Baby & Toys,1.13,11,7,0,52,0.43,0,0.43,0,0,0,0
137468683,yqukih.my,Health & Beauty,5.33,15,9,0,35,0,0,0.14,1,0,0,0
133688716,qddgnoah.my,Health & Beauty,0.27,17,8,0,52,0.14,0,0.14,0,0,0,0
140545625,sweetynail.my,Health & Beauty,0,12,7,0,52,0,1,0,0,0,0,0
133703262,xinjimaoyi.my,Baby & Toys,0,9,4,0,52,0,0,0,0,0,0,0
133676845,tumakou.my,Health & Beauty,0,8,4,0,52,0,0,0,0,0,0,0
133455033,kw_collection_shop.my,Baby & Toys,0,4,3,0,53,0,0,0,0,0,0,0
133343809,aesciy.my,Health & Beauty,0,11,5,0,54,0,1,0,0,0,0,0
137324351,ourworld.my,Health & Beauty,0.2,10,6,0,36,0,0,0.14,1,0,0,0
136708944,qiansheng8.my,Baby & Toys,0.07,9,5,0,38,0,0,0.14,1,0,0,0
133091390,lilyhealthybeauty.my,Health & Beauty,0,9,5,0,55,0,0,0,0,0,0,0
133104786,cornercabin0.my,Baby & Toys,0,38,12,9,38,0,0,0.14,1,0,0,0
132833961,bassbell.my,Groceries & Pets,0,10,3,0,56,0,0,0,0,0,0,0
136252918,tqstore001.my,Baby & Toys,0.2,11,5,0,40,0,0,0.14,1,0,0,0
132640729,musicflower.my,Health & Beauty,0,10,6,0,57,0,0,0,0,0,0,0
139261146,moira.my,Baby & Toys,0.93,10,5,1,59,0.14,0,0.14,0,0,0,0
136491465,yabeesister_taiwan.my,Baby & Toys,0,243,51,9.5,59,0.29,0,0.29,0,0,0,0
132093417,tom_xiao.my,Health & Beauty,0,12,5,0,59,0.14,0,0.14,0,0,0,0
131903824,fish1989520.my,Baby & Toys,1.33,10,6,0,60,0,0,0,0,0,0,0
133258017,tabb.tw_taiwan.my,Baby & Toys,0,78,39,2,60,0.14,0,0.14,0,0,0,0
131687125,xiaotutubaby.my,Groceries & Pets,0.07,10,5,0,61,0,0,0,0,0,0,0
131599273,snail_paced.my,Baby & Toys,0,9,4,0,61,0,0,0,0,0,0,0
131358240,babygamy.my,Baby & Toys,0.4,24,12,2,62,0.43,1,0.43,0,0,0,0
136071420,ydx64546.my,Baby & Toys,0,9,5,0,41,0,0,0.14,1,0,0,0
138365833,zhu_xxxx.my,Health & Beauty,3.33,17,5,0,63,0,0,0,0,0,0,0
130511481,dorababy95.my,Baby & Toys,0,22,8,0,46,0,0,0.14,1,0,0,0
130900271,waydlsina.my,Baby & Toys,0,10,5,0,64,0.29,0,0.29,0,0,0,0
134298977,meidaiboyou.my,Health & Beauty,0.07,9,5,0,49,0,0,0.14,1,0,0,0
130082739,wavestreet.my,Health & Beauty,0,29,12,3,50,0,2,0.14,1,0,0,0
130318825,bomboniere.my,Baby & Toys,0,11,4,0,66,0,0,0,0,0,0,0
141610665,beautynacy.my,Health & Beauty,0.27,4,2,0,68,0,0,0,0,0,0,0
131107694,chichuntrade.my,Baby & Toys,0,10,3,0,63,0,0,0.14,1,0,0,0
140830211,paiduizonghui.my,Baby & Toys,0.07,2,2,0,65,0,0,0.14,1,0,0,0
134198451,ningmomi_taiwan.my,Health & Beauty,0,380,39,0,70,0,0,0,0,0,0,0
135628021,neolab.my,Health & Beauty,1.87,75,19,1,71,0,1,0,0,0,0,0
141119085,xiaoxiaoxiannv.my,Health & Beauty,0,40,40,0,72,0,0,0,0,0,0,0
135797226,vnailyw.my,Baby & Toys,8.8,7,7,0,69,0,0,0.14,1,0,0,0
133316658,ncla.os,Health & Beauty,0,3185,15,0,74,0,0,0,0,0,3,0
134800084,gofastm1.my,Baby & Toys,2.53,16,5,0,75,0,1,0,0,0,0,0
134788159,costless.my,Groceries & Pets,0.2,24,5,0,75,0,0,0,0,0,0,0
140999418,billdage.my,Health & Beauty,0,105,40,1,73,0,0,0.14,1,0,0,0
133294499,babylove2019.my,Baby & Toys,10.73,20,11,1,82,0,0,0.14,1,0,0,0
139606701,yuruyan886.my,Baby & Toys,0.13,4,2,0,85,0,0,0,0,0,0,0
134584800,hmlk.my,Baby & Toys,11.2,59,40,8.33,76,2.14,51,2,-0.07,-0.1,3,91.2
131899360,jonewillson.my,Baby & Toys,22.4,464,175,68.33,25,2.29,2,2.14,-0.07,-0.1,0,0
131957850,pitayaloveme.my,Health & Beauty,3.6,11,6,4,41,0.71,0,0.57,-0.2,-0.17,0,0
130090889,trendyu.my,Health & Beauty,1.13,37,13,1,36,0.57,0,0.43,-0.25,-0.19,0,0
135798818,imirootree.my,Health & Beauty,2.33,106,74,1.25,23,2.14,3,1.86,-0.13,-0.19,0,0
134945346,greenlemon2019.my,Baby & Toys,2,94,83,4,41,0.43,1,0.29,-0.33,-0.21,0,0
136008332,lovelyoyo.my,Baby & Toys,0,12,4,0,41,0.43,1,0.29,-0.33,-0.21,0,0
131666763,libite.my,Baby & Toys,0.07,5,3,0,61,0.43,1,0.29,-0.33,-0.21,0,0
137865790,nighthome.my,Baby & Toys,0.6,41,18,4,62,0.43,0,0.29,-0.33,-0.21,1,2
133454744,baiyan.my,Health & Beauty,6.4,9,5,0.5,53,1.57,3,1.29,-0.18,-0.22,0,0
133944022,mmolive.my,Health & Beauty,2.2,19,14,1,22,0.29,1,0.14,-0.52,-0.28,4,72.01
136015457,gruibaby.my,Baby & Toys,0.27,19,8,0,24,0.29,0,0.14,-0.52,-0.28,0,0
135043025,deamos.my,Baby & Toys,11.27,146,41,7.35,29,0.29,0,0.14,-0.52,-0.28,0,0
134573516,xiami03.my,Baby & Toys,1.8,156,78,3,30,0.29,0,0.14,-0.52,-0.28,0,0
130090221,makeupm1.my,Health & Beauty,0.07,16,7,0,36,0.29,0,0.14,-0.52,-0.28,0,0
134811122,ruimeila.my,Health & Beauty,1.4,9,5,0,47,0.29,0,0.14,-0.52,-0.28,0,0
134296788,zcskincare.my,Health & Beauty,1,6,4,0,49,0.29,0,0.14,-0.52,-0.28,0,0
131345389,xuyi_beauty.my,Health & Beauty,46.4,16,16,11.83,33,6.29,3,5.57,-0.11,-0.29,9,377.48
130096430,takeeasy.my,Health & Beauty,2.07,36,14,2,36,1,0,0.71,-0.29,-0.29,0,0
134714913,yihaosale.my,Baby & Toys,0,10,6,0,47,1,1,0.71,-0.29,-0.29,0,0
139169559,hijustgo.my,Baby & Toys,7,321,129,84.18,33,10.14,13,9.14,-0.1,-0.31,11,6.17
132829223,fancybeauty.my,Health & Beauty,1.07,179,43,32.98,25,0.71,1,0.43,-0.39,-0.33,0,0
134812292,bigdarkeyes.my,Health & Beauty,0.33,16,15,0,75,1.43,0,1,-0.3,-0.36,0,0
134667535,beautyskincaretool.my,Health & Beauty,8.07,103,65,8.03,30,0.57,0,0.29,-0.49,-0.37,0,0
130130707,13423948333.my,Health & Beauty,0,11,5,0,67,0.57,0,0.29,-0.49,-0.37,0,0
134789571,shopeevipm1.my,Health & Beauty,0.2,18,7,0,30,0.14,0,0,-1,-0.37,0,0
134176828,longyatea1974_taiwan.my,Groceries & Pets,0,115,64,0,32,0.14,0,0,-1,-0.37,0,0
133639415,mommybaby666.my,Baby & Toys,4.4,64,54,0,34,0.14,1,0,-1,-0.37,0,0
136253813,suomo.my,Baby & Toys,0.6,19,11,0,40,0.14,0,0,-1,-0.37,0,0
135852502,sun2018520.my,Health & Beauty,7.13,12,4,0,42,0.14,0,0,-1,-0.37,0,0
130371495,yingxi2019.my,Baby & Toys,0,67,56,0,42,0.14,1,0,-1,-0.37,0,0
130090824,goodluckm1.my,Health & Beauty,0.73,16,7,0,43,0.14,0,0,-1,-0.37,0,0
141148505,huang19910306.my,Groceries & Pets,0.07,89,73,0,44,0.14,0,0,-1,-0.37,6,0
140486610,mayiyahi.my,Baby & Toys,0.07,14,14,0,47,0.14,0,0,-1,-0.37,0,0
133519491,oddenio_taiwan.my,Health & Beauty,0,111,102,1,48,0.14,0,0,-1,-0.37,0,0
133026143,elanhui.my,Health & Beauty,0,17,11,0,55,0.14,0,0,-1,-0.37,0,0
131740139,mensbasketballshoes.my,Health & Beauty,0.07,11,6,0,61,0.14,0,0,-1,-0.37,0,0
137532429,crown.my,Baby & Toys,0,12,12,0,62,0.14,0,0,-1,-0.37,0,0
131087866,zzaiweiya.my,Baby & Toys,0.13,10,4,0,63,0.14,0,0,-1,-0.37,0,0
133246712,sanweifood_taiwan.my,Groceries & Pets,0.93,357,76,2,74,0.14,0,0,-1,-0.37,0,0
133245766,juliefashion002.my,Health & Beauty,0,32,8,0,82,0.14,0,0,-1,-0.37,0,0
131710087,airlut.my,Baby & Toys,18.73,9,5,0,61,2.29,0,1.71,-0.25,-0.38,0,0
133733446,pishonjp.my,Baby & Toys,0.33,46,18,15.75,65,2.29,0,1.71,-0.25,-0.38,0,0
134718725,b1a4.my,Health & Beauty,8.53,85,15,13.5,75,1.14,1,0.71,-0.38,-0.4,0,0
130095655,jumila.my,Baby & Toys,4.47,329,86,44.42,36,1.71,3,1.14,-0.33,-0.44,0,0
135043545,raiseing.my,Baby & Toys,4.13,10,5,0,46,0.43,0,0.14,-0.67,-0.44,0,0
134729878,feiluer.my,Health & Beauty,0.2,43,21,0,47,0.43,0,0.14,-0.67,-0.44,0,0
130061355,cdm666.my,Baby & Toys,0,323,98,1,48,0.43,0,0.14,-0.67,-0.44,0,0
139677027,kidsfashionhome.my,Baby & Toys,3.13,63,40,10.5,53,0.43,0,0.14,-0.67,-0.44,0,0
140494311,ziyaoshop.my,Baby & Toys,0,9,9,0,66,0.43,0,0.14,-0.67,-0.44,0,0
135044027,witkey1.my,Baby & Toys,6.27,94,22,4.5,74,0.43,0,0.14,-0.67,-0.44,0,0
135044332,ohmygods.my,Baby & Toys,2,56,22,4.33,74,0.43,0,0.14,-0.67,-0.44,0,0
134809678,poslajudo.my,Baby & Toys,4.6,125,35,18.5,75,0.43,0,0.14,-0.67,-0.44,0,0
133532955,lovinland.my,Health & Beauty,0,9,5,0,53,0.86,0,0.43,-0.5,-0.46,0,0
135576698,zity002.my,Groceries & Pets,0,15,7,0,26,0.29,0,0,-1,-0.54,0,0
136265064,fsuyuan.my,Health & Beauty,0.4,9,4,0,40,0.29,0,0,-1,-0.54,0,0
139560241,aichenhuang.my,Baby & Toys,0.27,31,24,0,52,0.29,0,0,-1,-0.54,0,0
131348698,u1factory.my,Baby & Toys,0,100,64,4,24,0.57,0,0.14,-0.75,-0.57,0,0
133660687,fingoshop.my,Health & Beauty,0.33,9,4,1,52,1,0,0.43,-0.57,-0.57,0,0
134809658,notimexplain.my,Baby & Toys,2.87,92,20,6.25,75,1,3,0.43,-0.57,-0.57,0,0
134784076,tencetvip.my,Groceries & Pets,0.87,66,52,1,29,1.43,1,0.71,-0.5,-0.6,0,0
136805056,wjy52101314.my,Health & Beauty,1.47,241,111,192.33,38,4.86,12,3.43,-0.29,-0.65,0,0
141387654,baichun.my,Baby & Toys,2.87,57,57,7,43,0.43,0,0,-1,-0.66,24,17
139562079,sztoys.my,Baby & Toys,3.6,62,28,0.21,52,0.43,0,0,-1,-0.66,0,0
130068450,zhumengtang.my,Baby & Toys,0.13,10,5,0,67,0.43,0,0,-1,-0.66,0,0
140850857,nicemeet2019.my,Health & Beauty,1.27,61,15,0,53,1.14,2,0.43,-0.62,-0.66,0,0
131848147,ly126.my,Health & Beauty,1.33,95,25,17.5,25,3.14,0,1.86,-0.41,-0.72,0,0
130090061,chicum1.my,Health & Beauty,0.67,24,12,0,36,0.86,0,0.14,-0.84,-0.78,0,0
136784140,gosucre.my,Baby & Toys,7.07,33,29,3.83,53,1.43,3,0.43,-0.7,-0.84,1,3
131992052,fangjinjiang.my,Health & Beauty,17.07,8,4,0,60,1.43,1,0.43,-0.7,-0.84,0,0
130096419,walmarsp.my,Baby & Toys,5.87,19,7,1,43,1,0,0.14,-0.86,-0.86,0,0
139564543,make_up_beautiful.my,Health & Beauty,1.73,144,50,6,62,3.29,1,1.71,-0.48,-0.87,6,0
134072182,2355495712.my,Health & Beauty,0.13,10,6,0,50,1.43,1,0.29,-0.8,-0.95,0,0
132094692,wenorlind.my,Health & Beauty,0.07,9,5,0,59,1.43,1,0.29,-0.8,-0.95,0,0
133117728,cosrx.os,Health & Beauty,13.4,100,5,5,75,2.71,1,1,-0.63,-1.04,0,0
131857739,ontheway.my,Health & Beauty,17.47,77,24,33.6,25,1.86,2,0.43,-0.77,-1.05,0,0
139362737,jerryandireya.my,Baby & Toys,0,42,21,12.83,32,3.14,2,1.14,-0.64,-1.13,0,0
134294490,mokeru.my,Health & Beauty,0.13,22,16,0,20,1.29,0,0,-1,-1.14,0,0
133940938,betterinamall.my,Health & Beauty,8.33,218,85,101.25,32,4.29,4,1.29,-0.7,-1.45,0,0
142019352,perfect2019.my,Baby & Toys,158.27,0,0,0,90,0,0,0,,,0,0
150647658,flyoung.my,Baby & Toys,86.53,0,0,0,90,0,0,0,,,0,0
150114001,rsun.my,Baby & Toys,70.8,0,0,0,90,0,0,0,,,0,0
139139713,jimaohuantang.my,Health & Beauty,67.73,0,0,0,90,0,0,0,,,0,0
134378641,koreafarm.my,Groceries & Pets,67.73,0,0,0,90,0,0,0,,,0,0
146082997,showbox.my,Health & Beauty,49.33,0,0,0,90,0,0,0,,,1,0.5
151359267,chris007.my,Baby & Toys,40.53,0,0,0,90,0,0,0,,,0,0
150275463,tayluo.my,Baby & Toys,37.67,0,0,0,90,0,0,0,,,0,0
143624205,timi.ou.my,Health & Beauty,34.87,0,0,0,90,0,0,0,,,0,0
140210773,invincible.my,Health & Beauty,32.93,0,0,0,90,0,0,0,,,0,0
149272849,pudaierofficial.my,Health & Beauty,28.6,0,0,0,90,0,0,0,,,293,"2,357.59"
148821296,aibolai981.my,Health & Beauty,27.67,0,0,0,90,0,0,0,,,0,0
143730985,tiffanybaby1.my,Health & Beauty,26.67,0,0,0,90,0,0,0,,,0,0
147511941,eeaivnm.my,Baby & Toys,25.07,0,0,0,90,0,0,0,,,0,0
147378224,avigour.my,Health & Beauty,22.13,0,0,0,90,0,0,0,,,0,0
152234894,xianstore.my,Health & Beauty,22.07,0,0,0,90,0,0,0,,,0,0
143369350,overthinker666.my,Health & Beauty,20.53,0,0,0,90,0,0,0,,,9,17.5
142627747,chen810251.my,Baby & Toys,20.4,0,0,0,90,0,0,0,,,0,0
140146776,simson2.my,Health & Beauty,19.73,0,0,0,90,0,0,0,,,0,0
148262979,joyinc.my,Health & Beauty,19.13,0,0,0,90,0,0,0,,,0,0
145443332,qssalon.my,Health & Beauty,18.6,0,0,0,90,0,0,0,,,3,3
131958722,wangwei1.my,Health & Beauty,18.53,0,0,0,90,0,0,0,,,0,0
135044113,yystore1.my,Groceries & Pets,15.73,0,0,0,90,0,0,0,,,0,0
132896216,linpee.my,Health & Beauty,15.73,0,0,2,90,0,0,0,,,0,0
148843037,xushaung0228.my,Baby & Toys,15.53,0,0,0,90,0,0,0,,,0,0
146003835,huihuangtong.my,Health & Beauty,15,0,0,0,90,0,0,0,,,0,0
135593026,huwei19870204.my,Baby & Toys,14.6,0,0,0,90,0,0,0,,,0,0
141373666,beauty_mami.my,Health & Beauty,14.53,0,0,0,90,0,0,0,,,0,0
134809643,alotoforders.my,Baby & Toys,14.07,0,0,0,90,0,0,0,,,0,0
147635540,yinhuanmiao.my,Baby & Toys,13.73,0,0,0,90,0,0,0,,,0,0
137299785,jiangdong0.0.my,Health & Beauty,13.67,0,0,0,90,0,0,0,,,0,0
135993642,lovelyhome001.my,Health & Beauty,13.07,0,0,0,90,0,0,0,,,0,0
141707385,szcjmyke.my,Health & Beauty,12.87,0,0,0,90,0,0,0,,,0,0
147101411,shopeedou.my,Baby & Toys,11.53,0,0,0,90,0,0,0,,,0,0
151549282,rolyshop.my,Health & Beauty,11.27,0,0,0,90,0,0,0,,,0,0
143139273,zhangkeming.my,Baby & Toys,11.27,0,0,0,90,0,0,0,,,0,0
131678135,flyup.my,Health & Beauty,11.27,0,0,0,90,0,0,0,,,0,0
151880868,pinkmans.my,Baby & Toys,11.2,0,0,0,90,0,0,0,,,37,23.5
152234985,bjiastore.my,Health & Beauty,10.93,0,0,0,90,0,0,0,,,0,0
151353234,youkun.my,Health & Beauty,10.6,0,0,0,90,0,0,0,,,0,0
152044691,.js.my,Baby & Toys,10.4,0,0,0,90,0,0,0,,,0,0
151554444,k_korea.my,Health & Beauty,10.4,0,0,0,90,0,0,0,,,0,0
147185000,papiq.my,Baby & Toys,10.2,0,0,0,90,0,0,0,,,0,0
151968973,lamuseland.my,Health & Beauty,10.13,0,0,0,90,0,0,0,,,51,193.16
134808944,blackeve.my,Groceries & Pets,9.53,0,0,0,90,0,0,0,,,0,0
151157686,jerrych83.my,Baby & Toys,9.2,0,0,0,90,0,0,0,,,0,0
148305855,democheung.my,Baby & Toys,8.93,0,0,0,90,0,0,0,,,0,0
143566600,yohokiz.my,Baby & Toys,8.8,0,0,0,90,0,0,0,,,0,0
143231170,rrfamily1215.my,Baby & Toys,8.6,0,0,0,90,0,0,0,,,0,0
140924803,4paw.my,Groceries & Pets,8.53,0,0,0,90,0,0,0,,,0,0
140388394,perfk2.my,Baby & Toys,8.33,0,0,0,90,0,0,0,,,0,0
148946666,ziyao2.my,Baby & Toys,8.2,0,0,0,90,0,0,0,,,0,0
135908996,ljh4.my,Health & Beauty,7.93,0,0,0,90,0,0,0,,,0,0
151321008,ouyou.my.my,Health & Beauty,7.67,0,0,0,90,0,0,0,,,0,0
140387750,blesiya.my,Health & Beauty,7.53,0,0,0,90,0,0,0,,,0,0
151352973,momo_maomaoshop.my,Health & Beauty,7.53,0,0,0,90,0,0,0,,,0,0
143026994,qiye.my,Health & Beauty,7.13,0,0,0,90,0,0,0,,,0,0
151874449,jdzzstore.my,Baby & Toys,6.87,0,0,0,90,0,0,0,,,2,1
145955134,tksmama.my,Baby & Toys,6.87,0,0,0,90,0,0,0,,,0,0
140946108,mqatz.my,Baby & Toys,6.8,0,0,0,90,0,0,0,,,0,0
151601934,igarden.my,Health & Beauty,6.8,0,0,0,90,0,0,0,,,0,0
147698071,jiayistore.my,Baby & Toys,6.8,0,0,0,90,0,0,0,,,0,0
152247385,brainbow1.my,Health & Beauty,6.67,0,0,0,90,0,0,0,,,0,0
146068966,beautycare1905.my,Health & Beauty,6.67,0,0,0,90,0,0,0,,,1,7
140618770,simhoa2.my,Baby & Toys,6.6,0,0,0,90,0,0,0,,,0,0
149986232,keepyourself.my,Baby & Toys,6.47,0,0,0,90,0,0,0,,,20,13
151874360,lakersking.my,Baby & Toys,6.33,0,0,0,90,0,0,0,,,5,1
149495809,liangjin.my,Health & Beauty,6.27,0,0,0,90,0,0,0,,,0,0
148821454,aibolai888.my,Health & Beauty,6.2,0,0,0,90,0,0,0,,,0,0
143594084,hibts.my,Baby & Toys,6.2,0,0,0,90,0,0,0,,,0,0
150532228,sinofun.my,Baby & Toys,6.13,0,0,0,90,0,0,0,,,0,0
151589224,billy03_.my,Health & Beauty,6.07,0,0,0,90,0,0,0,,,0,0
133243694,aiernaweiyu.my,Health & Beauty,6,0,0,0,90,0,0,0,,,0,0
151877698,huiqing.my,Baby & Toys,5.73,0,0,0,90,0,0,0,,,0,0
133240970,aiyaortho.my,Health & Beauty,5.6,0,0,0,90,0,0,0,,,0,0
151097555,abonnielash116.my,Health & Beauty,5.53,0,0,0,90,0,0,0,,,0,0
143937649,fungift.my,Groceries & Pets,5.53,0,0,0,90,0,0,0,,,5,2
145433807,evashop871023.my,Baby & Toys,5.4,0,0,0,90,0,0,0,,,0,0
139260858,letitia.my,Health & Beauty,4.93,0,0,0,90,0,0,0,,,14,3.5
152136051,linkaitoy.my,Baby & Toys,4.53,0,0,0,90,0,0,0,,,0,0
143139046,zj8822521.my,Baby & Toys,4.33,0,0,0,90,0,0,0,,,0,0
148234959,judyhome101.my,Baby & Toys,4.2,0,0,0,90,0,0,0,,,0,0
132863182,wzmdxl.my,Health & Beauty,4.13,0,0,0,90,0,0,0,,,0,0
142192837,wandilian.my,Health & Beauty,4.13,0,0,0,90,0,0,0,,,0,0
137610453,andybear.my,Baby & Toys,4.07,0,0,0,90,0,0,0,,,0,0
151887215,tracymic.my,Baby & Toys,4,0,0,0,90,0,0,0,,,0,0
132137762,kexia0289.my,Baby & Toys,4,0,0,0,90,0,0,0,,,0,0
143557465,aqua5.my,Baby & Toys,3.93,0,0,0,90,0,0,0,,,11,35.67
151045163,miaoxiaosi.my,Groceries & Pets,3.87,0,0,0,90,0,0,0,,,0,0
139455923,hyz.my,Health & Beauty,3.8,0,0,0,90,0,0,0,,,0,0
137423288,74712ly.my,Health & Beauty,3.8,0,0,0,90,0,0,0,,,0,0
151554871,cqjcsm.my,Baby & Toys,3.73,0,0,0,90,0,0,0,,,0,0
140619002,dynwave2.my,Health & Beauty,3.67,0,0,0,90,0,0,0,,,0,0
141593422,littlestarry.my,Health & Beauty,3.67,0,0,0,90,0,0,0,,,0,0
152175611,comfykidshoes.my,Baby & Toys,3.67,0,0,0,90,0,0,0,,,0,0
151955592,kidsmj.my,Baby & Toys,3.6,0,0,0,90,0,0,0,,,22,9
145600257,juranzhijia.my,Baby & Toys,3.4,0,0,0,90,0,0,0,,,0,0
139242352,notonly.my,Baby & Toys,3.4,0,0,0,90,0,0,0,,,0,0
144727465,mannuo.my,Health & Beauty,3.33,0,0,0,90,0,0,0,,,0,0
151368336,udolove.my,Baby & Toys,3.27,0,0,0,90,0,0,0,,,0,0
135067380,abcdynamic.my,Baby & Toys,3.27,0,0,0,90,0,0,0,,,0,0
151894570,lovefmly.my,Baby & Toys,3.2,0,0,0,90,0,0,0,,,0,0
151851929,imagic_comstics.my,Health & Beauty,3.2,0,0,0,90,0,0,0,,,0,0
140388256,baoblaze2.my,Baby & Toys,3.13,0,0,0,90,0,0,0,,,0,0
149140306,wsw2019.my,Health & Beauty,3.07,0,0,0,90,0,0,0,,,0,0
139175594,balanarstore.my,Health & Beauty,3.07,0,0,0,90,0,0,0,,,0,0
140646144,374229617qq.my,Health & Beauty,3,0,0,0,90,0,0,0,,,2,29.5
140852508,shysmallsun.my,Health & Beauty,2.93,0,0,0,90,0,0,0,,,0,0
151886892,rosejack.my,Baby & Toys,2.93,0,0,0,90,0,0,0,,,0,0
147977385,unicornparty.my,Baby & Toys,2.87,0,0,0,90,0,0,0,,,0,0
145025926,accessorycollege.my,Baby & Toys,2.87,0,0,0,90,0,0,0,,,0,0
139378294,hairbeautyworld.my,Health & Beauty,2.87,0,0,0,90,0,0,0,,,0,0
152206275,bagghibags.my,Baby & Toys,2.8,0,0,0,90,0,0,0,,,0,0
132091819,ourcolorstory.my,Baby & Toys,2.8,0,0,0,90,0,0,0,,,0,0
148892908,taotao88.my,Baby & Toys,2.8,0,0,0,90,0,0,0,,,25,82.12
147105274,15011038404.my,Baby & Toys,2.73,0,0,0,90,0,0,0,,,0,0
151849098,leleveauty.my,Health & Beauty,2.67,0,0,0,90,0,0,0,,,0,0
141738200,lovebaby55.my,Baby & Toys,2.67,0,0,0,90,0,0,0,,,0,0
147014179,dreamlover1991.my,Health & Beauty,2.6,0,0,0,90,0,0,0,,,0,0
133071325,ahjzzhiqin.my,Health & Beauty,2.6,0,0,0,90,0,0,0,,,0,0
147504797,moonwomen.my,Baby & Toys,2.53,0,0,0,90,0,0,0,,,0,0
130361152,linkturnon.my,Baby & Toys,2.53,0,0,0,90,0,0,0,,,0,0
145022594,newsilkroad2019.my,Baby & Toys,2.47,0,0,0,90,0,0,0,,,0,0
134931443,deyoucube.my,Baby & Toys,2.47,0,0,0,90,0,0,0,,,0,0
136101883,lzhoo889.my,Health & Beauty,2.47,0,0,0,90,0,0,0,,,0,0
134808927,sunlouder.my,Health & Beauty,2.4,0,0,0,90,0,0,0,,,0,0
145182457,factoryofshoes.my,Health & Beauty,2.4,0,0,0,90,0,0,0,,,0,0
151874608,futangzz.my,Baby & Toys,2.33,0,0,0,90,0,0,0,,,4,1
135410981,dsx151.my,Baby & Toys,2.27,0,0,0,90,0,0,0,,,0,0
149709658,zhanpeng.tw.my,Baby & Toys,2.13,0,0,0,90,0,0,0,,,0,0
150757955,jingxiaomei.my,Health & Beauty,2.13,0,0,0,90,0,0,0,,,0,0
136251458,biomacia.my,Health & Beauty,2.13,0,0,0,90,0,0,0,,,0,0
151307950,lechuano.my,Baby & Toys,2,0,0,0,90,0,0,0,,,0,0
139606689,xiangjiujiu.my,Health & Beauty,2,0,0,0,90,0,0,0,,,0,0
130081229,xiaokunk.my,Baby & Toys,2,0,0,0,90,0,0,0,,,0,0
137174243,jytaiji.my,Health & Beauty,2,0,0,0,90,0,0,0,,,0,0
134812320,boysfashionacc.my,Baby & Toys,1.87,0,0,0,90,0,0,0,,,0,0
145170003,rootelly.my,Health & Beauty,1.87,0,0,0,90,0,0,0,,,0,0
151982569,colmo1.my,Baby & Toys,1.87,0,0,0,90,0,0,0,,,5,9.83
149454024,bdbeaute.my,Health & Beauty,1.87,0,0,0,90,0,0,0,,,6,2.5
147632706,fjsdhxqwtc.my,Baby & Toys,1.87,0,0,0,90,0,0,0,,,0,0
147730454,baokun.my,Baby & Toys,1.8,0,0,0,90,0,0,0,,,0,0
133510576,yinkan.my,Baby & Toys,1.8,0,0,0,90,0,0,0,,,0,0
133295939,wanka1.my,Health & Beauty,1.8,0,0,0,90,0,0,0,,,0,0
140211399,lovelove2.my,Health & Beauty,1.73,0,0,0,90,0,0,0,,,0,0
145546593,funblock.my,Baby & Toys,1.73,0,0,0,90,0,0,0,,,0,0
146453975,superhighquality.my,Health & Beauty,1.73,0,0,0,90,0,0,0,,,0,0
137498524,vivikynana.my,Health & Beauty,1.73,0,0,0,90,0,0,0,,,0,0
151345937,weifang.my,Health & Beauty,1.73,0,0,0,90,0,0,0,,,21,3.5
135015060,memway.my,Baby & Toys,1.73,0,0,0,90,0,0,0,,,0,0
143315655,pipixia10.my,Baby & Toys,1.67,0,0,0,90,0,0,0,,,0,0
140271378,mggnyw.my,Health & Beauty,1.67,0,0,0,90,0,0,0,,,0,0
147906465,zhengfenguo.my,Health & Beauty,1.67,0,0,0,90,0,0,0,,,0,0
147738403,yzh5400.my,Health & Beauty,1.67,0,0,0,90,0,0,0,,,0,0
145542725,changego4964.my,Baby & Toys,1.67,0,0,0,90,0,0,0,,,0,0
141156951,babylovedept.my,Baby & Toys,1.6,0,0,1,90,0,0,0,,,0,0
141914397,alevellife.my,Health & Beauty,1.6,0,0,0,90,0,0,0,,,0,0
140976412,herbabe.my,Baby & Toys,1.6,0,0,0,90,0,0,0,,,0,0
134788142,dotaport.my,Health & Beauty,1.47,0,0,0,90,0,0,0,,,0,0
134812194,niceideal.my,Baby & Toys,1.47,0,0,0,90,0,0,0,,,0,0
134808950,hanboger.my,Health & Beauty,1.4,0,0,0,90,0,0,0,,,0,0
141915600,anno.my,Health & Beauty,1.4,0,0,0,90,0,0,0,,,0,0
143549621,linxilove.my,Baby & Toys,1.4,0,0,0,90,0,0,0,,,0,0
150138278,lizhitoy.my,Baby & Toys,1.33,0,0,0,90,0,0,0,,,2,0
131499117,littlegarden.my,Baby & Toys,1.33,0,0,0,90,0,0,0,,,0,0
145469250,haoxuntong.my,Health & Beauty,1.33,0,0,0,90,0,0,0,,,26,134.5
142228487,hickity.my,Baby & Toys,1.33,0,0,0,90,0,0,0,,,0,0
145153234,shasha0306.my,Baby & Toys,1.33,0,0,0,90,0,0,0,,,0,0
149238502,natureshop19.my,Health & Beauty,1.27,0,0,0,90,0,0,0,,,0,0
151593242,kirayagg.my,Baby & Toys,1.27,0,0,0,90,0,0,0,,,0,0
151224909,qimiaoshijie.my,Baby & Toys,1.27,0,0,0,90,0,0,0,,,0,0
140213153,chen6689.my,Health & Beauty,1.2,0,0,0,90,0,0,0,,,0,0
148223666,xmjsfs.my,Health & Beauty,1.2,0,0,0,90,0,0,0,,,0,0
142130614,qihang01.my,Health & Beauty,1.13,0,0,0,90,0,0,0,,,0,0
142646020,h_two.my,Baby & Toys,1.13,0,0,0,90,0,0,0,,,1,0
147357194,smallneeds.my,Baby & Toys,1.13,0,0,0,90,0,0,0,,,0,0
141934987,seeuuagain2019.my,Baby & Toys,1.13,0,0,0,90,0,0,0,,,14,46.78
152154884,fuhuaa.my,Health & Beauty,1.13,0,0,0,90,0,0,0,,,0,0
150145293,mylitterbabies.my,Baby & Toys,1.13,0,0,0,90,0,0,0,,,79,36.85
142410901,motherbaby.my,Baby & Toys,1.07,0,0,0,90,0,0,0,,,0,0
143809945,away.my,Health & Beauty,1.07,0,0,0,90,0,0,0,,,0,0
134808820,summericem1.my,Health & Beauty,1,0,0,0,90,0,0,0,,,0,0
134716051,yjj_xxml.my,Baby & Toys,1,0,0,0,90,0,0,0,,,0,0
148736701,tangtangtext.my,Baby & Toys,1,0,0,0,90,0,0,0,,,0,0
137250395,tutubon.my,Health & Beauty,1,0,0,0,90,0,0,0,,,0,0
140212202,chen6986.my,Health & Beauty,1,0,0,0,90,0,0,0,,,0,0
143567203,cutechild.my,Baby & Toys,1,0,0,0,90,0,0,0,,,0,0
152172416,demoncj.my,Health & Beauty,1,0,0,0,90,0,0,0,,,0,0
134800370,loveruse.my,Baby & Toys,1,0,0,0,90,0,0,0,,,0,0
147129172,v1stephanie.my,Baby & Toys,1,0,0,0,90,0,0,0,,,0,0
134801393,sunfaym1.my,Baby & Toys,0.93,0,0,0,90,0,0,0,,,0,0
143698982,dawa.my,Baby & Toys,0.93,0,0,0,90,0,0,0,,,0,0
139606835,jinbing18.my,Baby & Toys,0.93,0,0,0,90,0,0,0,,,0,0
141118940,yunmusp8112.my,Baby & Toys,0.93,0,0,0,90,0,0,0,,,0,0
138141409,bianhua3.my,Baby & Toys,0.93,0,0,0,90,0,0,0,,,0,0
145958742,mr.zhangcheng.my,Baby & Toys,0.93,0,0,0,90,0,0,0,,,0,0
143558815,eau5.my,Baby & Toys,0.93,0,0,0,90,0,0,0,,,27,17.5
133070487,qyqingyun.my,Health & Beauty,0.93,0,0,0,90,0,0,0,,,0,0
147725516,ketetrading.my,Baby & Toys,0.93,0,0,0,90,0,0,0,,,0,0
142175954,hhj2008.my,Baby & Toys,0.87,0,0,0,90,0,0,0,,,0,0
143551174,lfsxnyysm.my,Health & Beauty,0.87,0,0,0,90,0,0,0,,,0,0
152161805,chenzetrading.my,Health & Beauty,0.87,0,0,0,90,0,0,0,,,0,0
132807270,yiyuanpackagecustome.my,Health & Beauty,0.87,0,0,0,90,0,0,0,,,0,0
134801443,youxiu.my,Baby & Toys,0.87,0,0,0,90,0,0,0,,,0,0
147620878,haiyv.my,Health & Beauty,0.87,0,0,0,90,0,0,0,,,0,0
150565793,lkl.my,Baby & Toys,0.8,0,0,0,90,0,0,0,,,0,0
151852023,yizefushi.my,Health & Beauty,0.8,0,0,0,90,0,0,0,,,0,0
150590203,cechelon.my,Health & Beauty,0.8,0,0,0,90,0,0,0,,,11,5
151358667,jstg888.my,Baby & Toys,0.8,0,0,0,90,0,0,0,,,0,0
140402439,yjx540083179.my,Baby & Toys,0.8,0,0,0,90,0,0,0,,,0,0
133887357,zongsenshop.my,Baby & Toys,0.8,0,0,0,90,0,0,0,,,0,0
141589944,jewelrybox.my,Baby & Toys,0.8,0,0,0,90,0,0,0,,,0,0
135795589,gleoite_wardrobe.my,Baby & Toys,0.8,0,0,1,90,0,0,0,,,0,0
151139059,uleba.my,Baby & Toys,0.8,0,0,0,90,0,0,0,,,0,0
134723089,wxn2019.my,Baby & Toys,0.8,0,0,0,90,0,0,0,,,0,0
151859323,yiguerxi.my,Baby & Toys,0.8,0,0,0,90,0,0,0,,,0,0
141281967,greatmade.my,Health & Beauty,0.8,0,0,0,90,0,0,0,,,0,0
136688454,daceyfa.my.my,Health & Beauty,0.73,0,0,0,90,0,0,0,,,0,0
147066102,ashe.my,Baby & Toys,0.73,0,0,0,90,0,0,0,,,0,0
142812726,weiqijia.my,Baby & Toys,0.73,0,0,0,90,0,0,0,,,0,0
134800140,hongkim1.my,Health & Beauty,0.73,0,0,0,90,0,0,0,,,3,34.67
140734941,cindyyu2019.my,Baby & Toys,0.73,0,0,0,90,0,0,0,,,0,0
142132001,makeup_lml.my,Health & Beauty,0.73,0,0,0,90,0,0,0,,,0,0
152157619,ywer.my,Health & Beauty,0.73,0,0,0,90,0,0,0,,,0,0
151871820,yourfy.my,Baby & Toys,0.73,0,0,0,90,0,0,0,,,0,0
143027369,qiyebest.my,Health & Beauty,0.73,0,0,0,90,0,0,0,,,0,0
142137723,chinese.medicine.my,Health & Beauty,0.73,0,0,0,90,0,0,0,,,0,0
149475768,xianze00.my,Baby & Toys,0.73,0,0,0,90,0,0,0,,,0,0
141592702,horizons.my,Health & Beauty,0.67,0,0,0,90,0,0,0,,,0,0
145793502,zzmdxmy.my,Health & Beauty,0.67,0,0,0,90,0,0,0,,,0,0
145148441,seafishsun.my,Baby & Toys,0.67,0,0,0,90,0,0,0,,,0,0
149111463,woodellen.my,Health & Beauty,0.67,0,0,0,90,0,0,0,,,0,0
136551566,nishishui66.my,Baby & Toys,0.67,0,0,0,90,0,0,0,,,0,0
141786308,usunshine.my,Baby & Toys,0.67,0,0,0,90,0,0,0,,,0,0
149133935,ogig.sip.my,Health & Beauty,0.67,0,0,0,90,0,0,0,,,5,2
149138163,berngi.my,Baby & Toys,0.67,0,0,0,90,0,0,0,,,0,0
134784907,skincarem1.my,Health & Beauty,0.67,0,0,0,90,0,0,0,,,0,0
134787940,babytoym1.my,Baby & Toys,0.67,0,0,0,90,0,0,0,,,0,0
143896683,ponytiki.my,Baby & Toys,0.67,0,0,0,90,0,0,0,,,0,0
141590913,betterworld2018.my,Baby & Toys,0.67,0,0,0,90,0,0,0,,,0,0
151615904,xiaobianshopee.my,Baby & Toys,0.67,0,0,0,90,0,0,0,,,0,0
148572786,chinatoy007.my,Baby & Toys,0.67,0,0,0,90,0,0,0,,,0,0
135842488,tanjiz.my,Baby & Toys,0.67,0,0,0,90,0,0,0,,,0,0
142822450,dailynecessaries.my,Baby & Toys,0.67,0,0,0,90,0,0,0,,,0,0
141967687,gzeven.my,Health & Beauty,0.67,0,0,0,90,0,0,0,,,0,0
147751086,zengjuan125.my,Baby & Toys,0.6,0,0,0,90,0,0,0,,,0,0
149554868,quxi2019.my,Baby & Toys,0.6,0,0,0,90,0,0,0,,,0,0
134520182,jishenmy.my,Baby & Toys,0.6,0,0,0,90,0,0,0,,,0,0
149349907,caiyuekeji.my,Baby & Toys,0.6,0,0,0,90,0,0,0,,,0,0
151884043,newstyle1.my,Baby & Toys,0.6,0,0,0,90,0,0,0,,,0,0
151092578,xiaomioaix.my,Health & Beauty,0.6,0,0,0,90,0,0,0,,,0,0
145294997,fengjs323.my,Baby & Toys,0.6,0,0,0,90,0,0,0,,,0,0
143285511,lucky5188.my,Baby & Toys,0.53,0,0,0,90,0,0,0,,,0,0
148893908,mystyle7.my,Baby & Toys,0.53,0,0,0,90,0,0,0,,,0,0
152143082,mtdental888.my,Health & Beauty,0.53,0,0,0,90,0,0,0,,,0,0
140642465,t2t.my,Baby & Toys,0.53,0,0,0,90,0,0,0,,,0,0
146814981,chunzheng.my,Health & Beauty,0.53,0,0,0,90,0,0,0,,,0,0
142619709,disiying.my,Health & Beauty,0.53,0,0,0,90,0,0,0,,,0,0
145581132,hongsenbaby.my,Baby & Toys,0.53,0,0,0,90,0,0,0,,,0,0
145544223,changego4962.my,Health & Beauty,0.53,0,0,0,90,0,0,0,,,0,0
146081960,koreastagram.my,Health & Beauty,0.53,0,0,0,90,0,0,0,,,0,0
149704608,nbwison.my,Baby & Toys,0.53,0,0,0,90,0,0,0,,,0,0
149130293,ruibai2019.my,Baby & Toys,0.53,0,0,0,90,0,0,0,,,0,0
131100836,qingwushi.my,Health & Beauty,0.53,0,0,0,90,0,0,0,,,0,0
143603872,xljzhj.my,Health & Beauty,0.53,0,0,0,90,0,0,0,,,0,0
145971411,whsdtsm.my,Baby & Toys,0.53,0,0,0,90,0,0,0,,,0,0
151876152,easyfol.my,Baby & Toys,0.47,0,0,0,90,0,0,0,,,0,0
142407311,yeardrunk.my,Health & Beauty,0.47,0,0,0,90,0,0,0,,,5,297.5
139072266,laohuli.my,Groceries & Pets,0.47,0,0,0,90,0,0,0,,,0,0
145029837,superladyly.my,Health & Beauty,0.47,0,0,0,90,0,0,0,,,0,0
151868271,changxiangs.my,Health & Beauty,0.47,0,0,0,90,0,0,0,,,0,0
151553444,sxqrdz.my,Health & Beauty,0.47,0,0,0,90,0,0,0,,,0,0
132816898,56kingkong.my,Health & Beauty,0.47,0,0,0,90,0,0,0,,,0,0
146256434,luocuiriyong.my,Baby & Toys,0.47,0,0,0,90,0,0,0,,,0,0
145221884,lixians680.my,Baby & Toys,0.47,0,0,0,90,0,0,0,,,0,0
134748747,yaohuishop.my,Baby & Toys,0.47,0,0,0,90,0,0,0,,,0,0
140210466,houyi.my,Health & Beauty,0.47,0,0,0,90,0,0,0,,,0,0
142350724,missmay123.my,Baby & Toys,0.47,0,0,0,90,0,0,0,,,0,0
148904554,zhijinc.my,Baby & Toys,0.47,0,0,0,90,0,0,0,,,0,0
149455429,phezen.my,Health & Beauty,0.47,0,0,0,90,0,0,0,,,0,0
139171991,686868ml.my,Baby & Toys,0.4,0,0,0,90,0,0,0,,,0,0
152236422,warmbig.my,Baby & Toys,0.4,0,0,0,90,0,0,0,,,0,0
134716846,wuxufneng.my,Baby & Toys,0.4,0,0,0,90,0,0,0,,,0,0
140627548,globalselling.my,Health & Beauty,0.4,0,0,0,90,0,0,0,,,0,0
141591138,sweetcreature.my,Baby & Toys,0.4,0,0,0,90,0,0,0,,,0,0
134792371,amarniya.my,Baby & Toys,0.4,0,0,0,90,0,0,0,,,0,0
143627281,aiyabear.my,Baby & Toys,0.4,0,0,0,90,0,0,0,,,0,0
151560492,ziniaodianzi.my,Health & Beauty,0.4,0,0,0,90,0,0,0,,,0,0
151551080,mrzeng.my,Health & Beauty,0.4,0,0,0,90,0,0,0,,,0,0
151234611,szkf05.my,Baby & Toys,0.4,0,0,0,90,0,0,0,,,0,0
139174520,zcshrjpesc.my,Baby & Toys,0.4,0,0,0,90,0,0,0,,,0,0
143792036,yuanfan810928.my,Health & Beauty,0.4,0,0,0,90,0,0,0,,,0,0
142017303,yuyida.xp.my,Baby & Toys,0.4,0,0,0,90,0,0,0,,,0,0
145973241,hy93128.my,Health & Beauty,0.4,0,0,0,90,0,0,0,,,0,0
138989400,mera.my,Health & Beauty,0.4,0,0,0,90,0,0,0,,,0,0
130539989,tengu678.my,Baby & Toys,0.4,0,0,0,90,0,0,0,,,0,0
143595427,bear2019.my,Baby & Toys,0.4,0,0,0,90,0,0,0,,,0,0
151676863,qnomo.my,Baby & Toys,0.4,0,0,0,90,0,0,0,,,0,0
141602075,hongtong.my,Health & Beauty,0.4,0,0,0,90,0,0,0,,,2,2
141697386,energybrush.my,Health & Beauty,0.4,0,0,0,90,0,0,0,,,0,0
134741582,jie901220.my,Baby & Toys,0.33,0,0,0,90,0,0,0,,,0,0
151884336,doremi.my,Baby & Toys,0.33,0,0,0,90,0,0,0,,,0,0
145788986,bmccpap.my,Health & Beauty,0.33,0,0,0,90,0,0,0,,,0,0
148932332,yyaquarium.my,Groceries & Pets,0.33,0,0,0,90,0,0,0,,,0,0
140311158,fdhs.my,Health & Beauty,0.33,0,0,0,90,0,0,0,,,0,0
139395718,dxsm.my,Health & Beauty,0.33,0,0,0,90,0,0,0,,,0,0
151879709,softbu.my,Baby & Toys,0.33,0,0,0,90,0,0,0,,,45,18
135836696,idepet.my,Groceries & Pets,0.33,0,0,0,90,0,0,0,,,0,0
139221784,ruiguzi.my,Baby & Toys,0.33,0,0,0,90,0,0,0,,,0,0
147140780,jj2my,Baby & Toys,0.33,0,0,0,90,0,0,0,,,0,0
134997369,roselovers.my,Baby & Toys,0.33,0,0,0,90,0,0,0,,,0,0
142389886,babysstore.my,Baby & Toys,0.33,0,0,0,90,0,0,0,,,14,2
151883877,salmoph.my,Baby & Toys,0.33,0,0,0,90,0,0,0,,,8,14.75
148021330,wuli000.my,Baby & Toys,0.33,0,0,0,90,0,0,0,,,0,0
137799372,mailaidpdp.my,Baby & Toys,0.33,0,0,0,90,0,0,0,,,0,0
148799085,statlas1.my,Baby & Toys,0.33,0,0,0,90,0,0,0,,,0,0
142332378,zokomart.my,Health & Beauty,0.33,0,0,0,90,0,0,0,,,0,0
148530664,xiezi9142.my,Baby & Toys,0.33,0,0,0,90,0,0,0,,,0,0
147646879,dau.my,Baby & Toys,0.27,0,0,0,90,0,0,0,,,0,0
141510879,lilia2019.my,Baby & Toys,0.27,0,0,0,90,0,0,0,,,0,0
145960019,cherrybeyond.my,Baby & Toys,0.27,0,0,0,90,0,0,0,,,0,0
137583899,yoyosmart.my,Baby & Toys,0.27,0,0,0,90,0,0,0,,,0,0
148805365,zhihuzhi.my,Baby & Toys,0.27,0,0,0,90,0,0,0,,,0,0
142806136,defeng.my,Baby & Toys,0.27,0,0,0,90,0,0,0,,,0,0
148902810,jiamiantian.my,Baby & Toys,0.27,0,0,0,90,0,0,0,,,0,0
142610986,fashion_mother.my,Baby & Toys,0.27,0,0,0,90,0,0,0,,,48,33.33
134755254,james3320114.my,Baby & Toys,0.27,0,0,0,90,0,0,0,,,0,0
138963692,yuanshengwenhua.my,Baby & Toys,0.27,0,0,0,90,0,0,0,,,0,0
139173161,ml945ml.my,Baby & Toys,0.27,0,0,0,90,0,0,0,,,0,0
151409278,zhenduo001.my,Health & Beauty,0.27,0,0,0,90,0,0,0,,,0,0
151299110,ynt19.my,Baby & Toys,0.27,0,0,0,90,0,0,0,,,0,0
134800338,ledmarket.my,Baby & Toys,0.27,0,0,0,90,0,0,0,,,0,0
141932227,gmart2019.my,Health & Beauty,0.27,0,0,0,90,0,0,0,,,0,0
151959219,wmspml01.my,Health & Beauty,0.27,0,0,0,90,0,0,0,,,0,0
151983001,colmo2.my,Baby & Toys,0.27,0,0,0,90,0,0,0,,,0,0
145783988,islaashop.my,Health & Beauty,0.27,0,0,0,90,0,0,0,,,0,0
141042896,stellaqy.my,Health & Beauty,0.27,0,0,0,90,0,0,0,,,0,0
131407854,mum.my,Baby & Toys,0.2,0,0,0,90,0,0,0,,,0,0
151883723,fighting1.my,Baby & Toys,0.2,0,0,0,90,0,0,0,,,1,0
133536719,furejie.my,Baby & Toys,0.2,0,0,0,90,0,0,0,,,0,0
131088514,cheaphomewear.my,Baby & Toys,0.2,0,0,0,90,0,0,0,,,0,0
134809554,goldclock.my,Health & Beauty,0.2,0,0,0,90,0,0,0,,,0,0
134809531,yoyofruit.my,Baby & Toys,0.2,0,0,0,90,0,0,0,,,0,0
134809059,disscomingm1.my,Health & Beauty,0.2,0,0,0,90,0,0,0,,,0,0
149308153,mnvf.my,Baby & Toys,0.2,0,0,0,90,0,0,0,,,0,0
137607347,heloog.my,Health & Beauty,0.2,0,0,0,90,0,0,0,,,0,0
142384681,slion19.my,Baby & Toys,0.2,0,0,0,90,0,0,0,,,0,0
137926934,shijihua.my,Groceries & Pets,0.2,0,0,0,90,0,0,0,,,0,0
145957458,toyard.my,Baby & Toys,0.2,0,0,0,90,0,0,0,,,0,0
151185176,supermoon_kids.my,Baby & Toys,0.2,0,0,0,90,0,0,0,,,0,0
149380841,jaffelin.my,Baby & Toys,0.2,0,0,0,90,0,0,0,,,0,0
137482568,zblzdjs.my,Health & Beauty,0.2,0,0,0,90,0,0,0,,,0,0
145249042,cherryha1.my,Baby & Toys,0.2,0,0,0,90,0,0,0,,,0,0
147111234,lixians810.my,Health & Beauty,0.2,0,0,0,90,0,0,0,,,0,0
140990246,vigorgirl.my,Baby & Toys,0.2,0,0,0,90,0,0,0,,,0,0
150171434,amywen5766.my,Health & Beauty,0.2,0,0,0,90,0,0,0,,,0,0
151873933,flowersahver.my,Baby & Toys,0.2,0,0,0,90,0,0,0,,,9,8
132418063,fing07.my,Baby & Toys,0.2,0,0,0,90,0,0,0,,,0,0
151297334,dingpeiwang.my,Health & Beauty,0.2,0,0,0,90,0,0,0,,,0,0
147440934,snail_crawls.my,Baby & Toys,0.2,0,0,0,90,0,0,0,,,0,0
151298800,luzunrong.my,Baby & Toys,0.2,0,0,0,90,0,0,0,,,0,0
147965465,sintra2950.my,Baby & Toys,0.2,0,0,0,90,0,0,0,,,0,0
134808792,springgreen.my,Health & Beauty,0.2,0,0,0,90,0,0,0,,,0,0
136281459,beautyface.my,Health & Beauty,0.2,0,0,0,90,0,0,0,,,0,0
142716342,nbpq.my,Baby & Toys,0.2,0,0,0,90,0,0,0,,,0,0
145432338,duoxinjixie.my,Baby & Toys,0.2,0,0,0,90,0,0,0,,,0,0
139414516,arcticwolfhightech.my,Baby & Toys,0.2,0,0,0,90,0,0,0,,,0,0
137641563,kuluoluo.my,Baby & Toys,0.2,0,0,0,90,0,0,0,,,0,0
141924556,liaoyue0426.my,Health & Beauty,0.2,0,0,0,90,0,0,0,,,0,0
151078806,756459561.my,Baby & Toys,0.2,0,0,0,90,0,0,0,,,0,0
150511379,llinmuyu0.my,Baby & Toys,0.13,0,0,0,90,0,0,0,,,0,0
140528942,huahai9.my,Baby & Toys,0.13,0,0,0,90,0,0,0,,,0,0
133322356,hai619glk.my,Health & Beauty,0.13,0,0,0,90,0,0,0,,,0,0
147916591,xilady.my,Baby & Toys,0.13,0,0,0,90,0,0,0,,,0,0
139091187,henry_shopee.my,Health & Beauty,0.13,0,0,0,90,0,0,0,,,0,0
147896944,jiayimeizhuang.my,Health & Beauty,0.13,0,0,0,90,0,0,0,,,0,0
141015275,superwhosaler.my,Baby & Toys,0.13,0,0,0,90,0,0,0,,,0,0
147629749,zita_c668..my,Baby & Toys,0.13,0,0,0,90,0,0,0,,,0,0
151383247,gd_zhuizi.my,Baby & Toys,0.13,0,0,0,90,0,0,0,,,0,0
149121846,caijieshangmao.my,Health & Beauty,0.13,0,0,0,90,0,0,0,,,0,0
151172357,sasashop.my,Health & Beauty,0.13,0,0,0,90,0,0,0,,,0,0
149135156,chennuannuan.my,Baby & Toys,0.13,0,0,0,90,0,0,0,,,0,0
137712502,cbao.my,Baby & Toys,0.13,0,0,0,90,0,0,0,,,0,0
133968989,chengke123.my,Baby & Toys,0.13,0,0,0,90,0,0,0,,,0,0
140866097,shellmall.my,Baby & Toys,0.13,0,0,0,90,0,0,0,,,0,0
136277328,cola198814.my,Health & Beauty,0.13,0,0,0,90,0,0,0,,,0,0
148304055,dobestforyou1.my,Baby & Toys,0.13,0,0,0,90,0,0,0,,,0,0
131135833,penglei1996.my,Health & Beauty,0.13,0,0,0,90,0,0,0,,,0,0
138849198,vikulya.my,Baby & Toys,0.13,0,0,0,90,0,0,0,,,0,0
134804900,jjf.my,Health & Beauty,0.13,0,0,0,90,0,0,0,,,0,0
151856857,kunyuhaochuang.my,Baby & Toys,0.13,0,0,0,90,0,0,0,,,0,0
132120236,runsoon.my,Baby & Toys,0.13,0,0,0,90,0,0,0,,,0,0
130126586,gina_rich.my,Baby & Toys,0.13,0,0,0,90,0,0,0,,,0,0
142330416,hinahome.my,Health & Beauty,0.13,0,0,0,90,0,0,0,,,0,0
133458126,aaamq.my,Health & Beauty,0.13,0,0,0,90,0,0,0,,,0,0
147502225,artdou.my,Groceries & Pets,0.13,0,0,0,90,0,0,0,,,0,0
151077093,amgbug.my,Baby & Toys,0.13,0,0,0,90,0,0,0,,,0,0
151141456,lishuang.my,Baby & Toys,0.13,0,0,0,90,0,0,0,,,0,0
134809017,marayadiss.my,Health & Beauty,0.13,0,0,0,90,0,0,0,,,0,0
149145799,topmymall.my,Baby & Toys,0.13,0,0,0,90,0,0,0,,,0,0
146041677,giftcatshop.my,Health & Beauty,0.13,0,0,0,90,0,0,0,,,0,0
149292683,mfnghd.my,Baby & Toys,0.13,0,0,0,90,0,0,0,,,0,0
149138953,sharondss.my,Health & Beauty,0.13,0,0,0,90,0,0,0,,,0,0
132802494,caihoney.my,Baby & Toys,0.13,0,0,0,90,0,0,0,,,0,0
147388174,pea_princess.my,Baby & Toys,0.13,0,0,0,90,0,0,0,,,0,0
148289157,nba998.my,Baby & Toys,0.13,0,0,0,90,0,0,0,,,0,0
137919705,baoboutique.my,Baby & Toys,0.13,0,0,0,90,0,0,0,,,0,0
136694089,hdsctqmm.my,Groceries & Pets,0.13,0,0,0,90,0,0,0,,,0,0
143846412,beybladeworld520.my,Baby & Toys,0.13,0,0,0,90,0,0,0,,,0,0
134801431,xuhouzi.my,Health & Beauty,0.13,0,0,0,90,0,0,0,,,0,0
134569490,ms.mx.my,Health & Beauty,0.13,0,0,0,90,0,0,0,,,0,0
138767372,xitangliyi.my,Baby & Toys,0.13,0,0,0,90,0,0,0,,,0,0
140547874,xinyuanqi.my,Health & Beauty,0.13,0,0,0,90,0,0,0,,,0,0
134788254,panduolam1.my,Groceries & Pets,0.13,0,0,0,90,0,0,0,,,0,0
133498405,hktop.my,Health & Beauty,0.13,0,0,0,90,0,0,0,,,0,0
145822209,auhdoo.my,Groceries & Pets,0.13,0,0,0,90,0,0,0,,,0,0
133509084,jujuba06.my,Health & Beauty,0.13,0,0,0,90,0,0,0,,,0,0
145291129,fashionweekend.my,Health & Beauty,0.13,0,0,0,90,0,0,0,,,0,0
142332155,ptscx.my,Baby & Toys,0.13,0,0,0,90,0,0,0,,,0,0
146978365,babykanak.my,Baby & Toys,0.13,0,0,0,90,0,0,0,,,0,0
148808959,w5u3.sip.my,Baby & Toys,0.13,0,0,0,90,0,0,0,,,10,0
147906377,x15j.sip.my,Baby & Toys,0.07,0,0,0,90,0,0,0,,,5,0
134185198,wwadwad.my,Baby & Toys,0.07,0,0,0,90,0,0,0,,,0,0
134531415,pinyun888.my,Health & Beauty,0.07,0,0,0,90,0,0,0,,,0,0
149594382,bamy.my,Groceries & Pets,0.07,0,0,0,90,0,0,0,,,0,0
147915846,amtyhome.my,Health & Beauty,0.07,0,0,0,90,0,0,0,,,0,0
133505488,orthochain.my,Health & Beauty,0.07,0,0,0,90,0,0,0,,,0,0
132919275,qayot01.my,Health & Beauty,0.07,0,0,0,90,0,0,0,,,0,0
140926436,goodday9898.my,Baby & Toys,0.07,0,0,0,90,0,0,0,,,0,0
135825369,lensclub.my,Health & Beauty,0.07,0,0,0,90,0,0,0,,,0,0
148562720,xsmart.my,Baby & Toys,0.07,0,0,0,90,0,0,0,,,0,0
132617747,gentinanemo.my,Baby & Toys,0.07,0,0,0,90,0,0,0,,,0,0
135011481,yubirder.my,Baby & Toys,0.07,0,0,0,90,0,0,0,,,0,0
133476026,huashidianzi.my,Groceries & Pets,0.07,0,0,0,90,0,0,0,,,0,0
144588016,xiaopangding.my,Baby & Toys,0.07,0,0,0,90,0,0,0,,,0,0
133242181,garap00.my,Baby & Toys,0.07,0,0,0,90,0,0,0,,,0,0
148257164,zhufushuo.my,Health & Beauty,0.07,0,0,0,90,0,0,0,,,0,0
141014143,biuty.my,Baby & Toys,0.07,0,0,0,90,0,0,0,,,0,0
132926874,qayot07.my,Baby & Toys,0.07,0,0,0,90,0,0,0,,,0,0
134792404,nielking.my,Groceries & Pets,0.07,0,0,0,90,0,0,0,,,0,0
133258563,shadowtara.my,Baby & Toys,0.07,0,0,0,90,0,0,0,,,0,0
133292052,lohay07.my,Baby & Toys,0.07,0,0,0,90,0,0,0,,,0,0
135626519,surfscent.my,Baby & Toys,0.07,0,0,0,90,0,0,0,,,0,0
148821068,crus.sip.my,Groceries & Pets,0.07,0,0,0,90,0,0,0,,,1,0
130833681,cindytoys.my,Baby & Toys,0.07,0,0,0,90,0,0,0,,,0,0
131460075,grainbuds.my,Baby & Toys,0.07,0,0,0,90,0,0,0,,,0,0
146056198,jntree.my,Baby & Toys,0.07,0,0,0,90,0,0,0,,,0,0
145492009,jiacheng.my,Baby & Toys,0.07,0,0,0,90,0,0,0,,,0,0
150493774,xwxiao5.my,Groceries & Pets,0.07,0,0,0,90,0,0,0,,,0,0
139559974,bjmbshjz.my,Health & Beauty,0.07,0,0,0,90,0,0,0,,,0,0
149259336,mfngj.my,Baby & Toys,0.07,0,0,0,90,0,0,0,,,0,0
151063784,haohaia.my,Baby & Toys,0.07,0,0,0,90,0,0,0,,,0,0
143245929,eyoyo.my,Health & Beauty,0.07,0,0,0,90,0,0,0,,,0,0
133640014,zhangqiao88.my,Baby & Toys,0.07,0,0,0,90,0,0,0,,,0,0
142507642,wesinelectric.my,Baby & Toys,0.07,0,0,0,90,0,0,0,,,0,0
143482623,ouyangguozhao.my,Baby & Toys,0.07,0,0,0,90,0,0,0,,,0,0
139189550,schyxj.my,Health & Beauty,0.07,0,0,0,90,0,0,0,,,0,0
138885383,nicebuy99.my,Health & Beauty,0.07,0,0,0,90,0,0,0,,,0,0
140345631,jiuduo.my,Baby & Toys,0.07,0,0,0,90,0,0,0,,,0,0
137792711,panjia168.my,Baby & Toys,0.07,0,0,0,90,0,0,0,,,0,0
146913424,xiaotuwl2.my,Baby & Toys,0.07,0,0,0,90,0,0,0,,,0,0
143963869,citydiaryyu.my,Health & Beauty,0.07,0,0,0,90,0,0,0,,,0,0
134531456,pinyun999.my,Health & Beauty,0.07,0,0,0,90,0,0,0,,,0,0
132409307,joja05.my,Baby & Toys,0.07,0,0,0,90,0,0,0,,,0,0
141002408,gpm0905.my,Health & Beauty,0.07,0,0,0,90,0,0,0,,,0,0
145025584,petlead.my,Groceries & Pets,0.07,0,0,0,90,0,0,0,,,0,0
134318229,chachag2019.my,Health & Beauty,0.07,0,0,0,90,0,0,0,,,0,0
145553127,bemorebeautiful.my,Baby & Toys,0.07,0,0,0,90,0,0,0,,,0,0
136561163,tia25ncai.my,Baby & Toys,0.07,0,0,0,90,0,0,0,,,0,0
143096564,ursobeautiful.my,Baby & Toys,0.07,0,0,0,90,0,0,0,,,0,0
146349689,rampampamkids.my,Baby & Toys,0.07,0,0,0,90,0,0,0,,,0,0
149997276,leeo.my,Groceries & Pets,0.07,0,0,0,90,0,0,0,,,0,0
149572977,mabobaby.my,Baby & Toys,0.07,0,0,0,90,0,0,0,,,0,0
135843259,hamiic.my,Baby & Toys,0.07,0,0,0,90,0,0,0,,,0,0
139026631,gcy1760594.my,Baby & Toys,0.07,0,0,0,90,0,0,0,,,0,0
145534821,changego4973.my,Groceries & Pets,0.07,0,0,0,90,0,0,0,,,0,0
133338124,tebaf01.my,Health & Beauty,0.07,0,0,0,90,0,0,0,,,0,0
133234904,samli029.my,Baby & Toys,0.07,0,0,0,90,0,0,0,,,0,0
132715029,ahagt04.my,Baby & Toys,0.07,0,0,0,90,0,0,0,,,0,0
146606136,changego4965.my,Health & Beauty,0.07,0,0,0,90,0,0,0,,,0,0
134078887,queenbebe.my,Baby & Toys,0.07,0,0,0,90,0,0,0,,,0,0
140304407,chengchen3.my,Baby & Toys,0.07,0,0,0,90,0,0,0,,,0,0
131413990,zzcykj.my,Baby & Toys,0.07,0,0,0,90,0,0,0,,,0,0
151850843,amazingdl.my,Baby & Toys,0.07,0,0,0,90,0,0,0,,,0,0
140928735,beryl2019.my,Health & Beauty,0.07,0,0,0,90,0,0,0,,,0,0
134801683,shinygirl.my,Health & Beauty,0.07,0,0,0,90,0,0,0,,,0,0
141072146,fyhzwuyuan.my,Baby & Toys,0.07,0,0,0,90,0,0,0,,,0,0
139489284,cddyjc.my,Baby & Toys,0.07,0,0,0,90,0,0,0,,,0,0
140106774,jetcloud_taiwan.my,Baby & Toys,0,0,0,0,90,0,0,0,,,0,0
145257763,sibylly.my,Health & Beauty,0,0,0,0,90,0,0,0,,,0,0
147389649,zsun.my,Baby & Toys,0,0,0,0,90,0,0,0,,,0,0
148808127,ggqt.sip.my,Baby & Toys,0,0,0,0,90,0,0,0,,,0,0
142399745,shangxiangmaoyi.my,Baby & Toys,0,0,0,0,90,0,0,0,,,0,0
145222601,fbwzi.my,Baby & Toys,0,0,0,0,90,0,0,0,,,0,0
143220744,niveken.my,Health & Beauty,0,0,0,0,90,0,0,0,,,0,0
137489126,peibormi.my,Baby & Toys,0,0,0,0,90,0,0,0,,,0,0
133291154,lohay04.my,Baby & Toys,0,0,0,0,90,0,0,0,,,0,0
142772272,micromaker.my,Health & Beauty,0,0,0,0,90,0,0,0,,,0,0
148880033,naughtyangelhouse.my,Baby & Toys,0,0,0,0,90,0,0,0,,,0,0
133264691,fenghonghn.my,Baby & Toys,0,0,0,0,90,0,0,0,,,0,0
137918340,jinmao2018.my,Health & Beauty,0,0,0,0,90,0,0,0,,,0,0
145975346,peakgao.my,Baby & Toys,0,0,0,0,90,0,0,0,,,0,0
132352763,kuantin.my,Health & Beauty,0,0,0,0,90,0,0,0,,,0,0
147391705,zhzs123.my,Health & Beauty,0,0,0,0,90,0,0,0,,,0,0
140371310,jpmon97418404_taiwan.my,Health & Beauty,0,0,0,0,90,0,0,0,,,12,0
133555226,wholesaler.my,Baby & Toys,0,0,0,0,90,0,0,0,,,0,0
147453325,kedaiwawa.my,Health & Beauty,0,0,0,0,90,0,0,0,,,0,0
147043510,chenxingqiang.my,Health & Beauty,0,0,0,0,90,0,0,0,,,0,0
132428841,nahhy00.my,Baby & Toys,0,0,0,0,90,0,0,0,,,0,0
140191254,wwl_power.my,Health & Beauty,0,0,0,0,90,0,0,0,,,0,0
132819373,bossyangjie.my,Health & Beauty,0,0,0,0,90,0,0,0,,,0,0
138964963,jmtffern.my,Baby & Toys,0,0,0,0,90,0,0,0,,,0,0
134185040,aasaazwq.my,Baby & Toys,0,0,0,0,90,0,0,0,,,0,0
145953967,pinksky1210.my,Baby & Toys,0,0,0,0,90,0,0,0,,,0,0
131627609,13655973073.my,Baby & Toys,0,0,0,0,90,0,0,0,,,0,0
151583524,bluehresy.my,Baby & Toys,0,0,0,0,90,0,0,0,,,0,0
133309944,kakaba03.my,Baby & Toys,0,0,0,0,90,0,0,0,,,0,0
139177495,hopewoodtoys.my,Baby & Toys,0,0,0,0,90,0,0,0,,,0,0
147228823,shengdazhi.my,Health & Beauty,0,0,0,0,90,0,0,0,,,0,0
143240840,loushiming.my,Baby & Toys,0,0,0,0,90,0,0,0,,,0,0
137977869,bearbubble.my,Baby & Toys,0,0,0,0,90,0,0,0,,,0,0
152176125,daduizhang.my,Baby & Toys,0,0,0,0,90,0,0,0,,,0,0
151561254,zhenglunshangmao.my,Health & Beauty,0,0,0,0,90,0,0,0,,,0,0
150108101,shyqmy.my,Baby & Toys,0,0,0,0,90,0,0,0,,,0,0
143768696,hongkunluo.my,Health & Beauty,0,0,0,0,90,0,0,0,,,0,0
142615868,szjm.my,Health & Beauty,0,0,0,0,90,0,0,0,,,0,0
136583317,niweihao.my,Health & Beauty,0,0,0,0,90,0,0,0,,,0,0
137935149,winniensophie.my,Health & Beauty,0,0,0,0,90,0,0,0,,,0,0
130080614,kanaks.my,Baby & Toys,0,0,0,0,90,0,0,0,,,0,0
151959596,chensi87654321.my,Baby & Toys,0,0,0,0,90,0,0,0,,,0,0
139560590,szlmjdgc.my,Baby & Toys,0,0,0,0,90,0,0,0,,,0,0
131868637,wuki13.my,Baby & Toys,0,0,0,0,90,0,0,0,,,0,0
139807663,maresecare.my,Health & Beauty,0,0,0,0,90,0,0,0,,,0,0
133291783,chongwan.my,Health & Beauty,0,0,0,0,90,0,0,0,,,0,0
139022817,qearlface.my,Health & Beauty,0,0,0,0,90,0,0,0,,,0,0
137714102,hoolend.my,Health & Beauty,0,0,0,0,90,0,0,0,,,0,0
147680511,panrenee.my,Baby & Toys,0,0,0,0,90,0,0,0,,,0,0
134725661,liuanmaoyi.my,Health & Beauty,0,0,0,0,90,0,0,0,,,0,0
133284784,maishun66.my,Baby & Toys,0,0,0,0,90,0,0,0,,,0,0
140054335,unihobby.my,Baby & Toys,0,0,0,0,90,0,0,0,,,0,0
142027082,chongxia201.my,Baby & Toys,0,0,0,0,90,0,0,0,,,0,0
145160031,lishangerstore.my,Baby & Toys,0,0,0,0,90,0,0,0,,,0,0
140553012,poplartree.my,Baby & Toys,0,0,0,0,90,0,0,0,,,0,0
151545598,domygift.my,Baby & Toys,0,0,0,0,90,0,0,0,,,0,0
137946654,phr88pmr123slp456gtb999.my,Baby & Toys,0,0,0,0,90,0,0,0,,,0,0
147097566,qiziltd.my,Groceries & Pets,0,0,0,0,90,0,0,0,,,0,0
137924033,jiusaner.my,Baby & Toys,0,0,0,0,90,0,0,0,,,0,0
134562163,beatulty.my,Health & Beauty,0,0,0,0,90,0,0,0,,,0,0
140970241,jingshunshenzhen.my,Baby & Toys,0,0,0,0,90,0,0,0,,,0,0
145174339,jpxinchen.my,Baby & Toys,0,0,0,0,90,0,0,0,,,0,0
134296080,luckybaby.my,Baby & Toys,0,0,0,0,90,0,0,0,,,0,0
148253580,jiaoliang.my,Health & Beauty,0,0,0,0,90,0,0,0,,,0,0
145828673,zxbly.my,Baby & Toys,0,0,0,0,90,0,0,0,,,0,0
142164277,anrodtech.my,Health & Beauty,0,0,0,0,90,0,0,0,,,0,0
135849210,lin_sleen.my,Baby & Toys,0,0,0,0,90,0,0,0,,,0,0
147807025,wowstore1905.my,Baby & Toys,0,0,0,0,90,0,0,0,,,0,0
139193918,hoist.my,Baby & Toys,0,0,0,0,90,0,0,0,,,0,0
131370645,tlovey.my,Health & Beauty,0,0,0,0,90,0,0,0,,,0,0
151304169,aobotu.my,Baby & Toys,0,0,0,0,90,0,0,0,,,0,0
143703289,changju111.my,Baby & Toys,0,0,0,0,90,0,0,0,,,0,0
140609113,ywdisha001.my,Baby & Toys,0,0,0,0,90,0,0,0,,,0,0
141991396,xinglongshoushi.my,Health & Beauty,0,0,0,0,90,0,0,0,,,0,0
145443594,bjsbridal.my,Baby & Toys,0,0,0,0,90,0,0,0,,,0,0
146452265,worldwildfashionstore.my,Health & Beauty,0,0,0,0,90,0,0,0,,,0,0
147644556,scyf.my,Health & Beauty,0,0,0,0,90,0,0,0,,,0,0
151668013,wis.my,Health & Beauty,0,0,0,0,90,0,0,0,,,0,0
134296881,jimmylin0317.my,Baby & Toys,0,0,0,0,90,0,0,0,,,0,0
149578133,kaisheng1.my,Health & Beauty,0,0,0,0,90,0,0,0,,,0,0
131853873,shenghuofangshi.my,Health & Beauty,0,0,0,0,90,0,0,0,,,0,0
145074030,jjyp.my,Baby & Toys,0,0,0,0,90,0,0,0,,,0,0
130968602,longcentral.my,Health & Beauty,0,0,0,0,90,0,0,0,,,0,0
142395893,zysz.my,Health & Beauty,0,0,0,0,90,0,0,0,,,0,0
147363488,jijingtechnology.my,Health & Beauty,0,0,0,0,90,0,0,0,,,0,0
139166665,nice3322.my,Baby & Toys,0,0,0,0,90,0,0,0,,,0,0
143502036,mgnfhg.my,Health & Beauty,0,0,0,0,90,0,0,0,,,0,0
141848616,bluesky111.my,Baby & Toys,0,0,0,0,90,0,0,0,,,0,0
151997140,jiaoyiwen.my,Baby & Toys,0,0,0,0,90,0,0,0,,,0,0
134522020,amazingjt.my,Baby & Toys,0,0,0,0,90,0,0,0,,,0,0
150172594,llechao.my,Health & Beauty,0,0,0,0,90,0,0,0,,,0,0
147912214,lhb520.my,Health & Beauty,0,0,0,0,90,0,0,0,,,0,0
145791379,chenyishan0905.my,Health & Beauty,0,0,0,0,90,0,0,0,,,0,0
145161261,aroseshop.my,Health & Beauty,0,0,0,0,90,0,0,0,,,0,0
137608427,nodl.my,Baby & Toys,0,0,0,0,90,0,0,0,,,0,0
140997340,eastwu.my,Health & Beauty,0,0,0,0,90,0,0,0,,,0,0
145799451,thefirstbaby.my,Baby & Toys,0,0,0,0,90,0,0,0,,,0,0
147111586,yyghmy.my,Health & Beauty,0,0,0,0,90,0,0,0,,,0,0
140925308,ynidvert.my,Baby & Toys,0,0,0,0,90,0,0,0,,,0,0
132714217,ahagt02.my,Baby & Toys,0,0,0,0,90,0,0,0,,,0,0
147804934,asinbad.my,Baby & Toys,0,0,0,0,90,0,0,0,,,0,0
143390208,qqdreamer.my,Baby & Toys,0,0,0,0,90,0,0,0,,,0,0
132413572,fing00.my,Health & Beauty,0,0,0,0,90,0,0,0,,,0,0
134792379,suitcase88.my,Baby & Toys,0,0,0,0,90,0,0,0,,,0,0
138962364,vip4717.my,Health & Beauty,0,0,0,0,90,0,0,0,,,0,0
137493317,hzjzyjjyx.my,Baby & Toys,0,0,0,0,90,0,0,0,,,0,0
134775346,sdsp.my,Health & Beauty,0,0,0,0,90,0,0,0,,,0,0
133094653,12yearold.my,Baby & Toys,0,0,0,0,90,0,0,0,,,0,0
143186361,reflection10.my,Baby & Toys,0,0,0,0,90,0,0,0,,,0,0
151308399,jonck.huang.my,Health & Beauty,0,0,0,0,90,0,0,0,,,0,0
134185155,ghovfkv.my,Health & Beauty,0,0,0,0,90,0,0,0,,,0,0
134191820,sidxjaxz.my,Health & Beauty,0,0,0,0,90,0,0,0,,,0,0
147648568,qdywdz.my,Baby & Toys,0,0,0,0,90,0,0,0,,,0,0
133531071,cici1.my,Health & Beauty,0,0,0,0,90,0,0,0,,,0,0
131679747,huni03.my,Health & Beauty,0,0,0,0,90,0,0,0,,,0,0
148809195,vlut.sip.my,Baby & Toys,0,0,0,0,90,0,0,0,,,14,0
147191538,toys_home.my,Baby & Toys,0,0,0,0,90,0,0,0,,,0,0
138426026,2019samuel.my,Baby & Toys,0,0,0,0,90,0,0,0,,,0,0
145970484,st41.sip.my,Baby & Toys,0,0,0,0,90,0,0,0,,,1,0
132124580,598935431.my,Health & Beauty,0,0,0,0,90,0,0,0,,,0,0
147642017,sy.zhuguo.my,Health & Beauty,0,0,0,0,90,0,0,0,,,0,0
145901993,cosmeticpuff.my,Health & Beauty,0,0,0,0,90,0,0,0,,,0,0
149188551,glenntannin.my,Baby & Toys,0,0,0,0,90,0,0,0,,,0,0
146096890,sophie91zhang.my,Health & Beauty,0,0,0,0,90,0,0,0,,,0,0
142120582,whhfashions.my,Baby & Toys,0,0,0,0,90,0,0,0,,,0,0
131619554,fuji20190307.my,Baby & Toys,0,0,0,0,90,0,0,0,,,0,0
145530521,cddssy.my,Baby & Toys,0,0,0,0,90,0,0,0,,,0,0
151553031,yueyoucheng.my,Baby & Toys,0,0,0,0,90,0,0,0,,,0,0
139651630,hycsmart.my,Health & Beauty,0,0,0,0,90,0,0,0,,,0,0
135154336,gzsyytz.my,Baby & Toys,0,0,0,0,90,0,0,0,,,0,0
133498050,zayona00.my,Baby & Toys,0,0,0,0,90,0,0,0,,,0,0
134418355,fivh2019.my,Groceries & Pets,0,0,0,0,90,0,0,0,,,0,0
131422860,nikimp2823.my,Baby & Toys,0,0,0,0,90,0,0,0,,,0,0
147389493,blublu007.my,Baby & Toys,0,0,0,0,90,0,0,0,,,0,0
145351211,quanmeishi.my,Health & Beauty,0,0,0,0,90,0,0,0,,,0,0
142710501,ruifglasb.my,Baby & Toys,0,0,0,0,90,0,0,0,,,0,0
147372815,gingerain.my,Groceries & Pets,0,0,0,0,90,0,0,0,,,0,0
140509204,tianhuiliyang.my,Baby & Toys,0,0,0,0,90,0,0,0,,,0,0
148168701,tiger.k.my,Baby & Toys,0,0,0,0,90,0,0,0,,,0,0
132430778,nahhy06.my,Health & Beauty,0,0,0,0,90,0,0,0,,,0,0
140828412,julybaby.my,Baby & Toys,0,0,0,0,90,0,0,0,,,0,0
133335564,zguo.my,Baby & Toys,0,0,0,0,90,0,0,0,,,0,0
132462682,meetjy.my.my,Baby & Toys,0,0,0,0,90,0,0,0,,,0,0
133287990,xihax06.my,Baby & Toys,0,0,0,0,90,0,0,0,,,0,0
131870584,pickyourproducts.my,Groceries & Pets,0,0,0,0,90,0,0,0,,,0,0
147921525,gpsjfmy.my,Health & Beauty,0,0,0,0,90,0,0,0,,,0,0
138436588,pumas598.my,Baby & Toys,0,0,0,0,90,0,0,0,,,0,0
134545075,270913292.my,Baby & Toys,0,0,0,0,90,0,0,0,,,0,0
132808198,jxgehao.my,Baby & Toys,0,0,0,0,90,0,0,0,,,0,0
138812458,bearpaw.my,Health & Beauty,0,0,0,0,90,0,0,0,,,0,0
147909951,e1hv.sip.my,Baby & Toys,0,0,0,0,90,0,0,0,,,21,1.58
140109026,hezewei.my,Baby & Toys,0,0,0,0,90,0,0,0,,,0,0
152167164,luixtertrading.my,Baby & Toys,0,0,0,0,90,0,0,0,,,0,0
145162648,gofancyzone.my,Baby & Toys,0,0,0,0,90,0,0,0,,,0,0
142218763,wmdoll.my,Health & Beauty,0,0,0,0,90,0,0,0,,,0,0
138812396,sellercastle.my,Health & Beauty,0,0,0,0,90,0,0,0,,,0,0
139398990,xinderli.my,Baby & Toys,0,0,0,0,90,0,0,0,,,3,31.5
131350345,beibeigu1.my,Baby & Toys,0,0,0,0,90,0,0,0,,,0,0
150023122,zhouquanchun.my,Baby & Toys,0,0,0,0,90,0,0,0,,,0,0
151878634,fori.my,Health & Beauty,0,0,0,0,90,0,0,0,,,0,0
151563335,mingzhefeng.my,Health & Beauty,0,0,0,0,90,0,0,0,,,0,0
145429541,chenchen20100828.my,Baby & Toys,0,0,0,0,90,0,0,0,,,0,0
151855124,tianshunga.my,Baby & Toys,0,0,0,0,90,0,0,0,,,0,0
145430438,jlbeaut.my,Health & Beauty,0,0,0,0,90,0,0,0,,,0,0
147111472,bumianyemao.my,Baby & Toys,0,0,0,0,90,0,0,0,,,0,0
144641744,wxg.my,Health & Beauty,0,0,0,0,90,0,0,0,,,0,0
130164833,bvbincavidou.my,Health & Beauty,0,0,0,0,90,0,0,0,,,0,0
134515529,vonderbest.my,Baby & Toys,0,0,0,0,90,0,0,0,,,0,0
143554845,mkingtoys.my,Baby & Toys,0,0,0,0,90,0,0,0,,,0,0
130124130,litchi.my.my,Health & Beauty,0,0,0,0,90,0,0,0,,,0,0
131191898,woxxb03.my,Health & Beauty,0,0,0,0,90,0,0,0,,,0,0
142338611,holdlivebeauty.my,Health & Beauty,0,0,0,0,90,0,0,0,,,0,0
150595522,zhuocheng001.my,Baby & Toys,0,0,0,0,90,0,0,0,,,0,0
132805879,freetwins.my,Baby & Toys,0,0,0,0,90,0,0,0,,,0,0
143672958,yuefanvilin.my,Health & Beauty,0,0,0,0,90,0,0,0,,,14,140.45
132927220,qayot08.my,Health & Beauty,0,0,0,0,90,0,0,0,,,0,0
152152160,getamoda.my,Health & Beauty,0,0,0,0,90,0,0,0,,,0,0
152157132,hebaoao.my,Baby & Toys,0,0,0,0,90,0,0,0,,,0,0
145900386,mattneko.my,Baby & Toys,0,0,0,0,90,0,0,0,,,0,0
133104972,yilicafe0.my,Baby & Toys,0,0,0,0,90,0,0,0,,,0,0
145809555,cozierlife.my,Health & Beauty,0,0,0,0,90,0,0,0,,,0,0
150347681,wanshuitongstore.my,Health & Beauty,0,0,0,0,90,0,0,0,,,0,0
134730748,zhongdagongmao.my,Baby & Toys,0,0,0,0,90,0,0,0,,,0,0
134318090,chachae2019.my,Health & Beauty,0,0,0,0,90,0,0,0,,,0,0
141811250,wanyuehu.my,Baby & Toys,0,0,0,0,90,0,0,0,,,0,0
136576098,yuetengweb.my,Baby & Toys,0,0,0,0,90,0,0,0,,,0,0
132945521,yxsky.my,Health & Beauty,0,0,0,0,90,0,0,0,,,0,0
151870366,pinkcoco2011_taiwan.my,Health & Beauty,0,0,0,0,90,0,0,0,,,2,0
149839267,annapetshop.my,Groceries & Pets,0,0,0,0,90,0,0,0,,,0,0
140506047,echoivychen.my,Baby & Toys,0,0,0,0,90,0,0,0,,,0,0
132087506,jackylee1123.my,Baby & Toys,0,0,0,0,90,0,0,0,,,0,0
135254490,yeyoang.my,Baby & Toys,0,0,0,0,90,0,0,0,,,0,0
133792719,good_shenz.my,Baby & Toys,0,0,0,0,90,0,0,0,,,0,0
133530793,toppetshop.my,Groceries & Pets,0,0,0,0,90,0,0,0,,,0,0
146193078,gw8299237.my,Baby & Toys,0,0,0,0,90,0,0,0,,,0,0
133338590,tebaf03.my,Baby & Toys,0,0,0,0,90,0,0,0,,,0,0
145338165,bigbigoneone.my,Groceries & Pets,0,0,0,0,90,0,0,0,,,0,0
147491592,ongasoft1.my,Baby & Toys,0,0,0,0,90,0,0,0,,,0,0
147903193,o0eg.sip.my,Baby & Toys,0,0,0,0,90,0,0,0,,,3,0
134531384,pinyun777.my,Health & Beauty,0,0,0,0,90,0,0,0,,,0,0
141672457,beauty2go.my,Baby & Toys,0,0,0,0,90,0,0,0,,,0,0
152205674,echo1996sahala.my,Health & Beauty,0,0,0,0,90,0,0,0,,,0,0
151564033,dinggaojiaju.my,Health & Beauty,0,0,0,0,90,0,0,0,,,0,0
151877963,kawagoe.my,Baby & Toys,0,0,0,0,90,0,0,0,,,0,0
136581757,2802412323.my,Groceries & Pets,0,0,0,0,90,0,0,0,,,0,0
147367118,babycircle09.my,Baby & Toys,0,0,0,0,90,0,0,0,,,0,0
152171409,hafmall.my,Baby & Toys,0,0,0,0,90,0,0,0,,,0,0
137919765,dfly.my,Baby & Toys,0,0,0,0,90,0,0,0,,,0,0
148216350,jiuyao20190518.my,Health & Beauty,0,0,0,0,90,0,0,0,,,0,0
151299475,zjjrltd.my,Baby & Toys,0,0,0,0,90,0,0,0,,,0,0
133242571,garap02.my,Baby & Toys,0,0,0,0,90,0,0,0,,,0,0
141975140,caozhipeng112.my,Baby & Toys,0,0,0,0,90,0,0,0,,,0,0
133303774,puay09.my,Baby & Toys,0,0,0,0,90,0,0,0,,,0,0
140974276,welcome_store.my,Baby & Toys,0,0,0,0,90,0,0,0,,,9,7
145123960,crossocean.my,Health & Beauty,0,0,0,0,90,0,0,0,,,0,0
136008428,catzou.my,Baby & Toys,0,0,0,0,90,0,0,0,,,0,0
151298395,yulukai.my,Baby & Toys,0,0,0,0,90,0,0,0,,,0,0
141780189,cjchnws.my,Baby & Toys,0,0,0,0,90,0,0,0,,,0,0
140518319,94shop.com.tw_taiwan.my,Health & Beauty,0,0,0,0,90,0,0,0,,,2,0
140110746,hubeishanzhi.my,Baby & Toys,0,0,0,0,90,0,0,0,,,0,0
145813032,vincent_112233.my,Baby & Toys,0,0,0,0,90,0,0,0,,,0,0
151581142,happylifer.my,Baby & Toys,0,0,0,0,90,0,0,0,,,0,0
145964220,emily2019510.my,Health & Beauty,0,0,0,0,90,0,0,0,,,0,0
134282849,ansonda.my,Baby & Toys,0,0,0,0,90,0,0,0,,,0,0
152157856,tingyizs.my,Baby & Toys,0,0,0,0,90,0,0,0,,,0,0
149134573,wuxifuluning.my,Baby & Toys,0,0,0,0,90,0,0,0,,,0,0
147925877,landzo.my,Baby & Toys,0,0,0,0,90,0,0,0,,,0,0
139978779,rabbit9090.my,Health & Beauty,0,0,0,0,90,0,0,0,,,0,0
143147900,ksbgmy.my,Groceries & Pets,0,0,0,0,90,0,0,0,,,0,0
134730439,fdasjklfdj.my,Health & Beauty,0,0,0,0,90,0,0,0,,,0,0
149453655,easyhome1.my,Baby & Toys,0,0,0,0,90,0,0,0,,,0,0
149447985,xianjjkik.my,Groceries & Pets,0,0,0,0,90,0,0,0,,,0,0
131204275,awoww04.my,Health & Beauty,0,0,0,0,90,0,0,0,,,0,0
151121425,huajianzui.my,Baby & Toys,0,0,0,0,90,0,0,0,,,0,0
143142655,meimei_shi_taiwan.my,Health & Beauty,0,0,0,0,90,0,0,0,,,2,1
139182486,czsfytdsm.my,Baby & Toys,0,0,0,0,90,0,0,0,,,0,0
137700937,anlen1988.my,Baby & Toys,0,0,0,0,90,0,0,0,,,0,0
134769343,highleytech.my,Baby & Toys,0,0,0,0,90,0,0,0,,,0,0
151188932,weiidream1314.my,Health & Beauty,0,0,0,0,90,0,0,0,,,0,0
132415489,fing04.my,Baby & Toys,0,0,0,0,90,0,0,0,,,0,0
143877197,zhangle1993.my,Baby & Toys,0,0,0,0,90,0,0,0,,,0,0
139747108,journeyzimmerlee.my,Baby & Toys,0,0,0,0,90,0,0,0,,,0,0
152167405,jmoo.my,Health & Beauty,0,0,0,0,90,0,0,0,,,0,0
142343488,huang199517.my,Baby & Toys,0,0,0,0,90,0,0,0,,,0,0
130182251,qpapkxuj.my,Health & Beauty,0,0,0,0,90,0,0,0,,,0,0
144644067,shanshan733.my,Health & Beauty,0,0,0,0,90,0,0,0,,,0,0
149529764,stlishun.my,Baby & Toys,0,0,0,0,90,0,0,0,,,0,0
147025931,reocahoo.my,Baby & Toys,0,0,0,0,90,0,0,0,,,0,0
142953235,mnlivingstore.my,Baby & Toys,0,0,0,0,90,0,0,0,,,0,0
131666545,dgsy.my,Baby & Toys,0,0,0,0,90,0,0,0,,,0,0
143179551,lyooki.my,Baby & Toys,0,0,0,0,90,0,0,0,,,0,0
144671461,yj130000.my,Baby & Toys,0,0,0,0,90,0,0,0,,,0,0
134191767,xjahxsz2.my,Baby & Toys,0,0,0,0,90,0,0,0,,,0,0
137846264,ziran11.my,Baby & Toys,0,0,0,0,90,0,0,0,,,0,0
146045056,fymanny.my,Groceries & Pets,0,0,0,0,90,0,0,0,,,0,0
137753791,highchong.my,Baby & Toys,0,0,0,0,90,0,0,0,,,0,0
133308875,kakaba01.my,Baby & Toys,0,0,0,0,90,0,0,0,,,0,0
151860147,hejinfeng.my,Baby & Toys,0,0,0,0,90,0,0,0,,,0,0
133351359,wolah04.my,Health & Beauty,0,0,0,0,90,0,0,0,,,0,0
134800316,toymallm1.my,Baby & Toys,0,0,0,0,90,0,0,0,,,0,0
133499599,zayona06.my,Baby & Toys,0,0,0,0,90,0,0,0,,,0,0
130890752,zhengge.my,Baby & Toys,0,0,0,0,90,0,0,0,,,0,0
147711659,zhengninghao.my,Health & Beauty,0,0,0,0,90,0,0,0,,,0,0
145779545,cxj305.my,Baby & Toys,0,0,0,0,90,0,0,0,,,0,0
133655279,nuoduo123.my,Baby & Toys,0,0,0,0,90,0,0,0,,,0,0
139219807,surytatrade.my,Baby & Toys,0,0,0,0,90,0,0,0,,,0,0
151334960,clqian2015.my,Health & Beauty,0,0,0,0,90,0,0,0,,,0,0
140943847,proaromic.my,Health & Beauty,0,0,0,0,90,0,0,0,,,0,0
136361485,qy1995.my,Baby & Toys,0,0,0,0,90,0,0,0,,,0,0
146051471,prcmisemed.my,Health & Beauty,0,0,0,0,90,0,0,0,,,0,0
133314553,coka03.my,Health & Beauty,0,0,0,0,90,0,0,0,,,0,0
141259257,hellsister.my,Health & Beauty,0,0,0,0,90,0,0,0,,,0,0
149149379,cds870514.my,Health & Beauty,0,0,0,0,90,0,0,0,,,0,0
148810465,hudndiy.my,Groceries & Pets,0,0,0,0,90,0,0,0,,,0,0
149484546,sequito.my,Health & Beauty,0,0,0,0,90,0,0,0,,,0,0
141696626,mowendy.my,Health & Beauty,0,0,0,0,90,0,0,0,,,0,0
132807371,dxf123.my,Baby & Toys,0,0,0,0,90,0,0,0,,,0,0
145423724,tent.my,Baby & Toys,0,0,0,0,90,0,0,0,,,0,0
140595802,kissbz.my,Baby & Toys,0,0,0,0,90,0,0,0,,,0,0
137916830,baijinhan.my,Baby & Toys,0,0,0,0,90,0,0,0,,,0,0
148809431,hzzh.sip.my,Baby & Toys,0,0,0,0,90,0,0,0,,,17,0
142329836,maifeng168.my,Health & Beauty,0,0,0,0,90,0,0,0,,,0,0
140885933,imadbiu.my,Groceries & Pets,0,0,0,0,90,0,0,0,,,0,0
152135410,lzwnljy.my,Baby & Toys,0,0,0,0,90,0,0,0,,,0,0
130313532,scm566.my,Baby & Toys,0,0,0,0,90,0,0,0,,,0,0
133097322,soso_sweet.my,Baby & Toys,0,0,0,0,90,0,0,0,,,0,0
141854282,littlecat11.my,Health & Beauty,0,0,0,0,90,0,0,0,,,0,0
140150894,yangjinzhu00.my,Baby & Toys,0,0,0,0,90,0,0,0,,,0,0
138161410,ywdaxia.my,Baby & Toys,0,0,0,0,90,0,0,0,,,0,0
143173432,longkow1949_taiwan.my,Groceries & Pets,0,0,0,0,90,0,0,0,,,0,0
133561118,shwm.my,Health & Beauty,0,0,0,0,90,0,0,0,,,0,0
130317960,anderson5240.my,Health & Beauty,0,0,0,0,90,0,0,0,,,0,0
149238344,kokolong.my,Health & Beauty,0,0,0,0,90,0,0,0,,,0,0
142828905,zhixianga.my,Health & Beauty,0,0,0,0,90,0,0,0,,,0,0
141141029,hugmelife.my,Baby & Toys,0,0,0,0,90,0,0,0,,,0,0
151315577,amlvin.my,Groceries & Pets,0,0,0,0,90,0,0,0,,,0,0
136001492,lede.my,Baby & Toys,0,0,0,0,90,0,0,0,,,0,0
146817273,mswe.sip.my,Baby & Toys,0,0,0,0,90,0,0,0,,,6,0
145273905,ntyw.sip.my,Health & Beauty,0,0,0,0,90,0,0,0,,,8,0
143565143,ywsmzdz.my,Health & Beauty,0,0,0,0,90,0,0,0,,,0,0
134795611,xingyuestore.my,Groceries & Pets,0,0,0,0,90,0,0,0,,,0,0
141925898,hopestonetoys.my,Baby & Toys,0,0,0,0,90,0,0,0,,,0,0
138949292,moveup.my,Baby & Toys,0,0,0,0,90,0,0,0,,,0,0
138149078,littlekidsking.my,Baby & Toys,0,0,0,0,90,0,0,0,,,0,0
140512205,teamanenxi_taiwan.my,Groceries & Pets,0,0,0,0,90,0,0,0,,,0,0
151863108,qoo999927_taiwan.my,Groceries & Pets,0,0,0,0,90,0,0,0,,,7,5.33
146024265,heyouj2.my,Baby & Toys,0,0,0,0,90,0,0,0,,,0,0
146913139,xiaotuwl1.my,Health & Beauty,0,0,0,0,90,0,0,0,,,0,0
143999444,oceanshopping.my,Baby & Toys,0,0,0,0,90,0,0,0,,,0,0
151589955,candy_shop0429_taiwan.my,Groceries & Pets,0,0,0,0,90,0,0,0,,,13,0
133270314,zhengqingyinshopee.my,Health & Beauty,0,0,0,0,90,0,0,0,,,0,0
130094443,ergongda2.my,Baby & Toys,0,0,0,0,90,0,0,0,,,0,0
132715238,ahagt05.my,Health & Beauty,0,0,0,0,90,0,0,0,,,0,0
136625617,backgobaby.my,Baby & Toys,0,0,0,0,90,0,0,0,,,0,0
145794034,chenzhixin666.my,Health & Beauty,0,0,0,0,90,0,0,0,,,0,0
145955735,13699791303.my,Health & Beauty,0,0,0,0,90,0,0,0,,,0,0
140521166,wedopr_taiwan.my,Groceries & Pets,0,0,0,0,90,0,0,0,,,0,0
149794189,lvzhihua.my,Health & Beauty,0,0,0,0,90,0,0,0,,,0,0
149865987,aohte.my,Baby & Toys,0,0,0,0,90,0,0,0,,,0,0
131613316,mati.my,Baby & Toys,0,0,0,0,90,0,0,0,,,0,0
137400830,innocentandpure.my,Health & Beauty,0,0,0,0,90,0,0,0,,,0,0
142439934,zgeqyhmy.my,Baby & Toys,0,0,0,0,90,0,0,0,,,0,0
131423059,ghu.my,Health & Beauty,0,0,0,0,90,0,0,0,,,0,0
150652595,moderbaby.my,Baby & Toys,0,0,0,0,90,0,0,0,,,0,0
140102784,duyaohui.my,Baby & Toys,0,0,0,0,90,0,0,0,,,0,0
150547004,502244122.my,Baby & Toys,0,0,0,0,90,0,0,0,,,0,0
141021080,dsadfds88.my,Baby & Toys,0,0,0,0,90,0,0,0,,,0,0
140948554,zhiyaor.my,Baby & Toys,0,0,0,0,90,0,0,0,,,0,0
133971233,lingque013.my,Baby & Toys,0,0,0,0,90,0,0,0,,,0,0
144912898,dcsofei_taiwan.my,Health & Beauty,0,0,0,0,90,0,0,0,,,0,0
131864612,duoladiba.my,Baby & Toys,0,0,0,0,90,0,0,0,,,0,0
151553699,kumiho2019.my,Health & Beauty,0,0,0,0,90,0,0,0,,,0,0
130182172,fskzxndkl.my,Baby & Toys,0,0,0,0,90,0,0,0,,,0,0
139487762,grapebaby.my,Baby & Toys,0,0,0,0,90,0,0,0,,,0,0
136492219,miffibaby_taiwan.my,Baby & Toys,0,0,0,0,90,0,0,0,,,0,0
137368856,beautyqueen.my,Health & Beauty,0,0,0,0,90,0,0,0,,,0,0
152162844,roshenghaiying.my,Baby & Toys,0,0,0,0,90,0,0,0,,,0,0
130105986,aglaia_hh.my,Baby & Toys,0,0,0,0,90,0,0,0,,,0,0
147279276,beautifful_forevers.my,Baby & Toys,0,0,0,0,90,0,0,0,,,0,0
133333732,2019lucia.my,Health & Beauty,0,0,0,0,90,0,0,0,,,0,0
137799405,elecmall99.my,Health & Beauty,0,0,0,0,90,0,0,0,,,0,0
133044322,xuliveshop.my,Health & Beauty,0,0,0,0,90,0,0,0,,,0,0
142765405,petming.my,Groceries & Pets,0,0,0,0,90,0,0,0,,,0,0
151653412,umiskam.my,Health & Beauty,0,0,0,0,90,0,0,0,,,0,0
143713427,13316877885.my,Health & Beauty,0,0,0,0,90,0,0,0,,,0,0
135765167,xunhongdianzishangwu.my,Health & Beauty,0,0,0,0,90,0,0,0,,,0,0
142729163,laplbete.my,Baby & Toys,0,0,0,0,90,0,0,0,,,0,0
132137023,diaperbagbackpack.my,Baby & Toys,0,0,0,0,90,0,0,0,,,0,0
137744473,homdox.my,Health & Beauty,0,0,0,0,90,0,0,0,,,0,0
137924135,chechi666.my,Baby & Toys,0,0,0,0,90,0,0,0,,,0,0
149135311,superfun8.my,Baby & Toys,0,0,0,0,90,0,0,0,,,0,0
149544206,yuegou.my,Baby & Toys,0,0,0,0,90,0,0,0,,,0,0
150122170,ranaoshangmao.my,Baby & Toys,0,0,0,0,90,0,0,0,,,0,0
136249063,easynail.my,Health & Beauty,0,0,0,0,90,0,0,0,,,0,0
149207454,dodom.my,Health & Beauty,0,0,0,0,90,0,0,0,,,0,0
149452581,nobes_sz.my,Baby & Toys,0,0,0,0,90,0,0,0,,,0,0
139001065,value_time.my,Health & Beauty,0,0,0,0,90,0,0,0,,,0,0
133552836,haozhou3.my,Baby & Toys,0,0,0,0,90,0,0,0,,,0,0
139717733,kim1.my,Baby & Toys,0,0,0,0,90,0,0,0,,,0,0
145247012,lt7c.sip.my,Baby & Toys,0,0,0,0,90,0,0,0,,,7,0
149451445,pingtingda.my,Baby & Toys,0,0,0,0,90,0,0,0,,,0,0
139251424,mym.my,Baby & Toys,0,0,0,0,90,0,0,0,,,0,0
149725257,woderyoor.my,Health & Beauty,0,0,0,0,90,0,0,0,,,0,0
133035701,jiangdakeji.my,Baby & Toys,0,0,0,0,90,0,0,0,,,0,0
146071696,1148885068.my,Baby & Toys,0,0,0,0,90,0,0,0,,,0,0
130856986,freestyle3.my,Baby & Toys,0,0,0,0,90,0,0,0,,,0,0
137479264,gljgjmy.my,Groceries & Pets,0,0,0,0,90,0,0,0,,,0,0
137952150,1300629121.my,Baby & Toys,0,0,0,0,90,0,0,0,,,0,0
139684542,hexiloog.my,Health & Beauty,0,0,0,0,90,0,0,0,,,0,0
142321056,6dmall.my,Baby & Toys,0,0,0,0,90,0,0,0,,,0,0
139596304,springcity.my,Baby & Toys,0,0,0,0,90,0,0,0,,,0,0
151922190,xbdyoys.my,Baby & Toys,0,0,0,0,90,0,0,0,,,0,0
134183268,xmnnajo2.my,Baby & Toys,0,0,0,0,90,0,0,0,,,0,0
135426623,joannaqiuhy.my,Baby & Toys,0,0,0,0,90,0,0,0,,,0,0
145077589,fashionky.my,Baby & Toys,0,0,0,0,90,0,0,0,,,0,0
137937799,sanqiao123.my,Baby & Toys,0,0,0,0,90,0,0,0,,,0,0
144923063,landwind.my,Health & Beauty,0,0,0,0,90,0,0,0,,,0,0
152173840,fanyan12.my,Baby & Toys,0,0,0,0,90,0,0,0,,,6,11.5
148259585,wushizhiying.my,Health & Beauty,0,0,0,0,90,0,0,0,,,0,0
151218261,swt_beautiful.my,Health & Beauty,0,0,0,0,90,0,0,0,,,0,0
139573327,enweicare.my,Health & Beauty,0,0,0,0,90,0,0,0,,,0,0
141787485,vancostar.my,Health & Beauty,0,0,0,0,90,0,0,0,,,0,0
146037051,xingziwangxiaojie.my,Baby & Toys,0,0,0,0,90,0,0,0,,,0,0
131204762,awoww05.my,Health & Beauty,0,0,0,0,90,0,0,0,,,0,0
141596947,maindear.my,Baby & Toys,0,0,0,0,90,0,0,0,,,0,0
142434363,bsssaxwzjxs.my,Baby & Toys,0,0,0,0,90,0,0,0,,,0,0
131836967,armiciya.my,Baby & Toys,0,0,0,0,90,0,0,0,,,0,0
147642036,olisabeauty.my,Health & Beauty,0,0,0,0,90,0,0,0,,,0,0
132040420,onlyyoubaby365.my,Baby & Toys,0,0,0,0,90,0,0,0,,,0,0
135050211,topxiantai.my,Baby & Toys,0,0,0,0,90,0,0,0,,,0,0
146985725,kjm1981.my,Baby & Toys,0,0,0,0,90,0,0,0,,,0,0
137973565,wyztoy.my,Baby & Toys,0,0,0,0,90,0,0,0,,,0,0
133450916,deiryle.my,Groceries & Pets,0,0,0,0,90,0,0,0,,,0,0
145046802,jjiyupeng.my,Health & Beauty,0,0,0,0,90,0,0,0,,,0,0
134807397,xdlplaza.my,Baby & Toys,0,0,0,0,90,0,0,0,,,0,0
149175609,bibo_biotech.my,Baby & Toys,0,0,0,0,90,0,0,0,,,0,0
145235473,pfjc.sip.my,Baby & Toys,0,0,0,0,90,0,0,0,,,2,0
146087793,yitaipiaoyi.my,Baby & Toys,0,0,0,0,90,0,0,0,,,0,0
140363845,louyan.my,Health & Beauty,0,0,0,0,90,0,0,0,,,0,0
147396652,sygy.my,Health & Beauty,0,0,0,0,90,0,0,0,,,0,0
141123033,meetsyou.my,Baby & Toys,0,0,0,0,90,0,0,0,,,0,0
138959444,anzi190309.my,Baby & Toys,0,0,0,0,90,0,0,0,,,0,0
137299161,zhanggg.my,Baby & Toys,0,0,0,0,90,0,0,0,,,0,0
131493928,wenqiang234.my,Baby & Toys,0,0,0,0,90,0,0,0,,,0,0
130180175,esxuuuusa.my,Health & Beauty,0,0,0,0,90,0,0,0,,,0,0
140981399,tooshmall.my,Health & Beauty,0,0,0,0,90,0,0,0,,,0,0
139794420,teerova.my,Health & Beauty,0,0,0,0,90,0,0,0,,,0,0
146977678,sammiebaby.my,Baby & Toys,0,0,0,0,90,0,0,0,,,0,0
145429576,cgnice0.my,Baby & Toys,0,0,0,0,90,0,0,0,,,0,0
143218526,fumingtang.my,Health & Beauty,0,0,0,0,90,0,0,0,,,0,0
133242306,garap01.my,Baby & Toys,0,0,0,0,90,0,0,0,,,0,0
147419516,lijinglj123.my,Baby & Toys,0,0,0,0,90,0,0,0,,,0,0
130129727,napolu.my,Baby & Toys,0,0,0,0,90,0,0,0,,,0,0
131335686,lufangyan168.my,Baby & Toys,0,0,0,0,90,0,0,0,,,0,0
149571862,colourfeel.my,Health & Beauty,0,0,0,0,90,0,0,0,,,0,0
138085330,wangxinsheng.my,Health & Beauty,0,0,0,0,90,0,0,0,,,0,0
140849705,caiyism.my,Groceries & Pets,0,0,0,0,90,0,0,0,,,0,0
142358071,szcocomi.my,Baby & Toys,0,0,0,0,90,0,0,0,,,0,0
143148568,richpharmacy_taiwan.my,Health & Beauty,0,0,0,0,90,0,0,0,,,0,0
131361216,youjiehealthcare.my,Health & Beauty,0,0,0,0,90,0,0,0,,,0,0
152254170,i0a5.sip.my,Baby & Toys,0,0,0,0,90,0,0,0,,,5,0
145687546,mondain.my,Baby & Toys,0,0,0,0,90,0,0,0,,,0,0
148137589,huihui588.my,Health & Beauty,0,0,0,0,90,0,0,0,,,0,0
135837112,youhoelhm.my,Health & Beauty,0,0,0,0,90,0,0,0,,,0,0
145953629,xiejun0808.my,Health & Beauty,0,0,0,0,90,0,0,0,,,0,0
140741149,jadeschen_taiwan.my,Groceries & Pets,0,0,0,0,90,0,0,0,,,2,0
142455756,linlong0127.my,Health & Beauty,0,0,0,0,90,0,0,0,,,0,0
143503609,fmgnhj.my,Health & Beauty,0,0,0,0,90,0,0,0,,,0,0
147129160,61344751.my,Baby & Toys,0,0,0,0,90,0,0,0,,,0,0
143701786,vincemall.my,Health & Beauty,0,0,0,0,90,0,0,0,,,0,0
134375825,eva2528.my,Baby & Toys,0,0,0,0,90,0,0,0,,,0,0
134809006,teramarrie.my,Health & Beauty,0,0,0,0,90,0,0,0,,,0,0
141880751,pppudding.my,Baby & Toys,0,0,0,0,90,0,0,0,,,0,0
148683982,hfsupplier.my,Groceries & Pets,0,0,0,0,90,0,0,0,,,0,0
138016289,4712.my,Baby & Toys,0,0,0,0,90,0,0,0,,,0,0
142826402,fashionlife188.my,Baby & Toys,0,0,0,0,90,0,0,0,,,0,0
147140774,jstxgcjx.my,Baby & Toys,0,0,0,0,90,0,0,0,,,0,0
133531317,etsv04.my,Baby & Toys,0,0,0,0,90,0,0,0,,,0,0
131379060,showchen524.my,Baby & Toys,0,0,0,0,90,0,0,0,,,0,0
148096626,barryma801.my,Baby & Toys,0,0,0,0,90,0,0,0,,,0,0
143401993,donglinglipstick.my,Health & Beauty,0,0,0,0,90,0,0,0,,,0,0
151311336,lklm228.my,Health & Beauty,0,0,0,0,90,0,0,0,,,0,0
132093776,sandywu0769.my,Baby & Toys,0,0,0,0,90,0,0,0,,,0,0
151433467,blink.my,Baby & Toys,0,0,0,0,90,0,0,0,,,0,0
133449250,123455666.my,Baby & Toys,0,0,0,0,90,0,0,0,,,0,0
134298895,abbiezheng.my,Baby & Toys,0,0,0,0,90,0,0,0,,,0,0
142846506,joy2buy.my,Baby & Toys,0,0,0,0,90,0,0,0,,,0,0
135622576,shopsooo.my,Health & Beauty,0,0,0,0,90,0,0,0,,,0,0
137928240,zyyi.my,Health & Beauty,0,0,0,0,90,0,0,0,,,0,0
147642452,yearsa8.my,Health & Beauty,0,0,0,0,90,0,0,0,,,0,0
151109328,oubardeofficialstore.my,Baby & Toys,0,0,0,0,90,0,0,0,,,0,0
139543117,fashiontoystore.my,Baby & Toys,0,0,0,0,90,0,0,0,,,0,0
151948448,grace1333.my,Health & Beauty,0,0,0,0,90,0,0,0,,,0,0
139667358,felix0820.my,Health & Beauty,0,0,0,0,90,0,0,0,,,0,0
145441898,cocoa2020.my,Health & Beauty,0,0,0,0,90,0,0,0,,,1,3
149140510,yicofun.my,Baby & Toys,0,0,0,0,90,0,0,0,,,0,0
135459384,lianqi.my,Baby & Toys,0,0,0,0,90,0,0,0,,,0,0
140322893,zhoujumm.my,Baby & Toys,0,0,0,0,90,0,0,0,,,0,0
140517225,softly889.my,Health & Beauty,0,0,0,0,90,0,0,0,,,0,0
137253124,nicemoodparts.my,Baby & Toys,0,0,0,0,90,0,0,0,,,0,0
151590331,malldj_taiwan.my,Baby & Toys,0,0,0,0,90,0,0,0,,,1,0
139572674,haodental.my,Health & Beauty,0,0,0,0,90,0,0,0,,,0,0
152151140,zhuoshu.my,Baby & Toys,0,0,0,0,90,0,0,0,,,0,0
132417770,fing06.my,Baby & Toys,0,0,0,0,90,0,0,0,,,0,0
145424624,ndkj.my,Health & Beauty,0,0,0,0,90,0,0,0,,,0,0
134725996,yamtaihuijin.my,Baby & Toys,0,0,0,0,90,0,0,0,,,0,0
144485068,ngbdhg.my,Health & Beauty,0,0,0,0,90,0,0,0,,,0,0
136478873,inspiringdeal.my,Baby & Toys,0,0,0,0,90,0,0,0,,,0,0
139168541,sssuperml.my,Health & Beauty,0,0,0,0,90,0,0,0,,,0,0
150116340,zcwl.my,Health & Beauty,0,0,0,0,90,0,0,0,,,0,0
137524940,luzhiyuan556.my,Groceries & Pets,0,0,0,0,90,0,0,0,,,0,0
136093184,beautenation.my,Health & Beauty,0,0,0,0,90,0,0,0,,,0,0
137704642,forbestu.my,Health & Beauty,0,0,0,0,90,0,0,0,,,0,0
143768904,125251056.my,Baby & Toys,0,0,0,0,90,0,0,0,,,0,0
147422465,qinruize.my,Baby & Toys,0,0,0,0,90,0,0,0,,,0,0
133302952,puay07.my,Baby & Toys,0,0,0,0,90,0,0,0,,,0,0
142544247,snowzone.my,Health & Beauty,0,0,0,0,90,0,0,0,,,0,0
141332322,jryspoty.my,Health & Beauty,0,0,0,0,90,0,0,0,,,0,0
132872645,lqve.my,Baby & Toys,0,0,0,0,90,0,0,0,,,0,0
145224451,xiaoqunzi.my,Baby & Toys,0,0,0,0,90,0,0,0,,,0,0
147647642,chinaliyu.my,Baby & Toys,0,0,0,0,90,0,0,0,,,0,0
145423907,lhc.my,Health & Beauty,0,0,0,0,90,0,0,0,,,0,0
143146807,sunmax88_taiwan.my,Health & Beauty,0,0,0,0,90,0,0,0,,,0,0
145417660,berchirly.my,Baby & Toys,0,0,0,0,90,0,0,0,,,0,0
145817122,shawncg.my,Baby & Toys,0,0,0,0,90,0,0,0,,,0,0
139052223,lemon93xh.my,Health & Beauty,0,0,0,0,90,0,0,0,,,0,0
139569536,hinstartechnology.my,Baby & Toys,0,0,0,0,90,0,0,0,,,0,0
146093528,vmi.my,Health & Beauty,0,0,0,0,90,0,0,0,,,0,0
151585802,qilushangmao.my,Health & Beauty,0,0,0,0,90,0,0,0,,,0,0
131361827,elemall.my,Health & Beauty,0,0,0,0,90,0,0,0,,,0,0
133530852,etsv01.my,Baby & Toys,0,0,0,0,90,0,0,0,,,0,0
137906813,jhpjdi.my,Health & Beauty,0,0,0,0,90,0,0,0,,,0,0
138586291,lbaby.my,Baby & Toys,0,0,0,0,90,0,0,0,,,0,0
141739806,ifacestore.my,Health & Beauty,0,0,0,0,90,0,0,0,,,0,0
146825283,ap9h.sip.my,Baby & Toys,0,0,0,0,90,0,0,0,,,4,0
145947178,jtx1683.my,Health & Beauty,0,0,0,0,90,0,0,0,,,0,0
151862584,ganovo.my,Health & Beauty,0,0,0,0,90,0,0,0,,,0,0
131435971,hothandsome.my,Baby & Toys,0,0,0,0,90,0,0,0,,,0,0
131495684,lomag04.my,Health & Beauty,0,0,0,0,90,0,0,0,,,0,0
145156256,hengsheng1.my,Baby & Toys,0,0,0,0,90,0,0,0,,,0,0
140362279,mgnfhfb.my,Health & Beauty,0,0,0,0,90,0,0,0,,,0,0
139185910,lhy657074215.my,Baby & Toys,0,0,0,0,90,0,0,0,,,0,0
148838198,bvj2019.my,Health & Beauty,0,0,0,0,90,0,0,0,,,0,0
150306157,shuhwa66_taiwan.my,Groceries & Pets,0,0,0,0,90,0,0,0,,,8,0.5
130888055,yyuanshop.my,Baby & Toys,0,0,0,0,90,0,0,0,,,0,0
148026846,youpingo.my,Groceries & Pets,0,0,0,0,90,0,0,0,,,0,0
137290654,woyoo8.my,Baby & Toys,0,0,0,0,90,0,0,0,,,0,0
146039550,kuanglimin.my,Baby & Toys,0,0,0,0,90,0,0,0,,,0,0
140111572,jixishi.my,Baby & Toys,0,0,0,0,90,0,0,0,,,0,0